Area,RoomFloor,TopFloor,Price,Address,RoomArea,KitchenArea,BuildDate,BathroomNum,BathroomType,BalconyNum,BalconyType,Repair,TypeofBuilding,TypeofMaterial,Heating,GasSupply
32.7,1,4,1550000,"Калининградская область, Калининград, р-н Центральный, Сестрорецкая улица",17,8,1937,1, совмещенный,,,Косметический,Кирпичный,,,
32.6,1,3,1600000,"Калининградская область, Калининград, р-н Центральный, проспект Победы, 189",16.3,8.8,,,,,,,,,,
35.5,3,5,1600000,"Калининградская область, Калининград, р-н Центральный, Алданская улица, 20",16.8,9.4,1986,1, совмещенный,1, балкон,Косметический,,,,
36.1,5,5,1650000,"Калининградская область, Калининград, р-н Центральный, Советский проспект, 202",17.6,13.2,1980,,,,,Косметический,,,,
30,2,2,1720000,"Калининградская область, Калининград, р-н Центральный, Окуловская улица, 19",15.5,7,1945,,,,,,Кирпичный,Смешанные,Автономная котельная,Центральное
35,4,5,1700000,"Калининградская область, Калининград, р-н Центральный, Бассейная улица, 47",13,15,1978,1, раздельный,,,Косметический,Блочный,Железобетонные,Центральное,Центральное
28,1,3,1700000,"Калининградская область, Калининград, р-н Центральный, Косогорная улица, 7",12,12,1940,,,,,Косметический,,,,
36.6,5,5,1700000,"Калининградская область, Калининград, р-н Центральный, Советский проспект",17.6,13.2,1980,1, совмещенный,,,Косметический,Кирпичный,,,
30.2,5,5,1720000,"Калининградская область, Калининград, р-н Центральный, улица Маршала Борзова, 88",16,6,1971,1, совмещенный,1, балкон,Косметический,,,,
40,1,3,1780000,"Калининградская область, Калининград, р-н Центральный, улица Каблукова, 26",20,14,2019,1, совмещенный,,,Без ремонта,,,,
30,4,5,1780000,"Калининградская область, Калининград, р-н Центральный, Бассейная улица, 51",16,6,1976,,,1, балкон,Косметический,,,,
32,5,5,1899990,"Калининградская область, Калининград, р-н Центральный, улица Сержанта Мишина, 8",18,7,1983,1, совмещенный,1, балкон,Косметический,Кирпичный,Железобетонные,Центральное,Центральное
37,1,3,1970000,"Калининградская область, Калининград, р-н Центральный, Харьковская улица, 25",22,8,1945,,,,,Без ремонта,,,,
35,5,5,1980000,"Калининградская область, Калининград, р-н Центральный, Бассейная улица, 47",12,17.2,1978,1, совмещенный,,,Евроремонт,Блочный,Железобетонные,Центральное,Центральное
32,5,5,1950000,"Калининградская область, Калининград, р-н Центральный, улица Сержанта Мишина, 8",17.7,6.3,1983,,,,,,Кирпичный,Железобетонные,Центральное,Центральное
29.9,5,5,1950000,"Калининградская область, Калининград, р-н Центральный, улица Космонавта Леонова, 25А",16.5,6.1,1971,1, совмещенный,,,Косметический,,,,
33,3,4,1950000,"Калининградская область, Калининград, р-н Центральный, улица Космонавта Леонова, 50",18,6,1960,1, совмещенный,1, лоджия,Без ремонта,,,,
36.5,3,4,2000000,"Калининградская область, Калининград, р-н Центральный, улица Добролюбова, 25",16.2,11,1985,1, совмещенный,1, балкон,Без ремонта,Кирпичный,Железобетонные,Центральное,Центральное
29,1,5,2050000,"Калининградская область, Калининград, р-н Центральный, улица Чкалова, 68",16,7.8,1970,1, совмещенный,,,Косметический,,,,
26,1,3,2100000,"Калининградская область, Калининград, р-н Центральный, Чкаловск мкр, улица Лукашова",10,8.5,2016,1, совмещенный,,,Косметический,Кирпичный,,,
46,7,8,2150000,"Калининградская область, Калининград, р-н Центральный, Челюскинская улица, 28",19,13,2019,1, совмещенный,1, балкон,Без ремонта,,,,
39,1,9,2200000,"Калининградская область, Калининград, р-н Центральный, улица Карташева, 12",18,9,2014,1, совмещенный,1, лоджия,Евроремонт,Кирпичный,Железобетонные,Котел/Квартирное отопление,Автономное
40,1,7,2250000,"Калининградская область, Калининград, р-н Центральный, проспект Победы, 106",18.8,10,2016,1, совмещенный,,,Без ремонта,Кирпичный,Железобетонные,,
40,1,3,2300000,"Калининградская область, Калининград, р-н Центральный, улица Энгельса",,,,1, совмещенный,,,Косметический,,,,
30,4,5,2350000,"Калининградская область, Калининград, р-н Центральный, Комсомольская улица, 56",17,6,,1, совмещенный,,,Косметический,,,,
35,2,4,2400000,"Калининградская область, Калининград, р-н Центральный, улица Радистов, 54А",16,9.4,1992,1, совмещенный,1, лоджия,Косметический,Панельный,Железобетонные,Автономная котельная,Центральное
32.8,3,4,2450000,"Калининградская область, Калининград, р-н Центральный, улица Сержанта Мишина, 68Б",16.5,8.9,2020,1, совмещенный,,,Без ремонта,Блочный,,,
30,3,5,2490000,"Калининградская область, Калининград, р-н Центральный, улица Кирова, 61",16,,,1, совмещенный,,,Евроремонт,,,,
34,4,5,2450000,"Калининградская область, Калининград, р-н Центральный, улица Генерал-лейтенанта Захарова, 44",20,6,1980,1, совмещенный,1, балкон,Косметический,,Смешанные,Центральное,Центральное
32.79,3,4,2450000,"Калининградская область, Калининград, р-н Центральный, улица Сержанта Мишина",16.5,8.9,2020,1, совмещенный,1, балкон,Без ремонта,Блочный,,,
40,5,8,2450000,"Калининградская область, Калининград, р-н Центральный, улица Карташева, 46Ж",18,9,2017,1, совмещенный,1, лоджия,Косметический,Кирпичный,Железобетонные,Котел/Квартирное отопление,Центральное
39.1,2,4,2500000,"Калининградская область, Калининград, р-н Центральный, улица Радистов, 12",20,9,1960,1, совмещенный,1, балкон,Косметический,,Смешанные,Центральное,Центральное
34,1,3,2500000,"Калининградская область, Калининград, р-н Центральный, Коммунальная улица, 12",22.3,4.7,1945,1, совмещенный,,,Косметический,Кирпичный,Смешанные,Центральное,Центральное
39,1,8,2500000,"Калининградская область, Калининград, р-н Центральный, улица Карташева, 12",18,9,2014,,,,,,Кирпичный,Железобетонные,Котел/Квартирное отопление,Автономное
30.3,2,3,2500000,"Калининградская область, Калининград, р-н Центральный, Комсомольская улица, 82А",18.7,4.9,1945,1, совмещенный,,,Косметический,,,,
41,4,4,2500000,"Калининградская область, Калининград, р-н Центральный, улица Маршала Борзова",17,12,1971,1, совмещенный,,,Косметический,Кирпичный,,,
45,4,9,2500000,"Калининградская область, Калининград, р-н Центральный, улица Ломоносова",,,,1, совмещенный,1, балкон,Дизайнерский,,,,
43,2,4,2550000,"Калининградская область, Калининград, р-н Центральный, улица Радистов, 12",20,9,1960,1, совмещенный,1, балкон,Евроремонт,,Смешанные,Центральное,Центральное
38,3,5,2590000,"Калининградская область, Калининград, р-н Центральный, Чкаловск мкр, улица Докука",,,2009,1, совмещенный,1, лоджия,Косметический,Кирпичный,,,
38.41,2,8,2649000,"Калининградская область, Калининград, р-н Центральный, Красносельская улица, 57",14.9,10.4,2018,1, совмещенный,1, лоджия,Без ремонта,Кирпичный,,,
41,2,5,2600000,"Калининградская область, Калининград, р-н Центральный, улица Младшего лейтенанта Родителева, 16",30,7.3,1995,1, совмещенный,1, балкон,Косметический,,,,
38.41,2,8,2649000,"Калининградская область, Калининград, р-н Центральный, Красносельская улица, 57",,11,,1, совмещенный,1, лоджия,,,,,
42,1,4,2600000,"Калининградская область, Калининград, р-н Центральный, улица Чайковского, 46",23,8,1945,1, совмещенный,,,Косметический,Кирпичный,Смешанные,Центральное,Центральное
39,4,7,2600000,"Калининградская область, Калининград, р-н Центральный, Чкаловск мкр, улица Лукашова",,,2015,1, совмещенный,1, лоджия,Евроремонт,,,,
42,2,4,2650000,"Калининградская область, Калининград, р-н Центральный, улица Чайковского",23,8.1,,1, совмещенный,,,Косметический,Кирпичный,,,
49.5,1,12,2650000,"Калининградская область, Калининград, р-н Центральный, Красная улица, 139Б",20.3,13,2016,1, совмещенный,1, балкон,Без ремонта,,,,
39,5,5,2700000,"Калининградская область, Калининград, р-н Центральный, Чкаловск мкр, улица Беланова",16,14,2008,1, совмещенный,1, балкон,Косметический,Кирпичный,,,
31,3,3,2700000,"Калининградская область, Калининград, р-н Центральный, Зоологическая улица, 53",15,8.4,1945,1, раздельный,,,Косметический,Кирпичный,Смешанные,Центральное,Центральное
45,3,7,2700000,"Калининградская область, Калининград, р-н Центральный, Чкаловск мкр, улица Мира",,11.5,2012,1, совмещенный,1, лоджия,Косметический,Кирпичный,,,
48.4,1,6,2750000,"Калининградская область, Калининград, р-н Центральный, улица Белинского, 61А",32,12.5,2008,1, совмещенный,1, балкон,Косметический,Кирпичный,Железобетонные,Центральное,Центральное
52.6,3,5,2750000,"Калининградская область, Калининград, р-н Центральный, улица Белинского",30,11,2006,1, совмещенный,1, балкон,Косметический,Кирпичный,,,
37,2,9,2770000,"Калининградская область, Калининград, р-н Центральный, улица Каблукова, 11А",16,9,,1, совмещенный,1, балкон,Евроремонт,,,,
39.5,3,6,2800000,"Калининградская область, Калининград, р-н Центральный, Старорусская улица, 29",27,9,2019,,,1, балкон,Без ремонта,,,,
36,6,16,2800000,"Калининградская область, Калининград, р-н Центральный, улица Каштановая Аллея, 169",16,9,2012,1, совмещенный,1, лоджия,Евроремонт,Блочный,Железобетонные,Центральное,
45,4,5,2860000,"Калининградская область, Калининград, р-н Центральный, Брусничная улица",19.6,12,2002,1, совмещенный,1, балкон,Косметический,Кирпичный,,,
40.6,6,6,2999900,"Калининградская область, Калининград, р-н Центральный, Старорусская улица, 29",17.4,9.4,2019,,,1, балкон,Без ремонта,,,,
34.8,1,4,2400000,"Калининградская область, Калининград, р-н Центральный, Осенняя улица, 30",18,9.5,2007,1, совмещенный,,,Косметический,Кирпичный,,Котел/Квартирное отопление,Центральное
46,5,5,2200000,"Калининградская область, Калининград, р-н Центральный, Сестрорецкая улица, 4",21.4,16.3,2015,1, совмещенный,1, балкон,Косметический,Кирпичный,Железобетонные,Котел/Квартирное отопление,Центральное
35,2,3,1500000,"Калининградская область, Калининград, р-н Центральный, Сестрорецкая улица",,,1945,,,,,Косметический,Кирпичный,,,
40,1,4,1840000,"Калининградская область, Калининград, р-н Центральный, улица Карташева, 40",,10.1,1961,1, совмещенный,1, лоджия,Косметический,Кирпичный,Железобетонные,Центральное,
30,4,5,1780000,"Калининградская область, Калининград, р-н Центральный, Бассейная улица, 51",16,6,1976,,,1, балкон,Косметический,,,,
12,1,5,990000,"Калининградская область, Калининград, р-н Центральный, Комсомольская улица",,,1996,,,,,Косметический,,,,
36.5,3,4,2000000,"Калининградская область, Калининград, р-н Центральный, улица Добролюбова, 25",16.2,11,1985,1, совмещенный,1, балкон,Без ремонта,Кирпичный,Железобетонные,Центральное,Центральное
33,3,5,1850000,"Калининградская область, Калининград, р-н Центральный, улица Дмитрия Донского",,,,1, совмещенный,1, балкон,Без ремонта,,,,
36.2,4,5,1900000,"Калининградская область, Калининград, р-н Центральный, Чкаловск мкр, улица Беланова",,,1995,1, раздельный,1, лоджия,Косметический,Панельный,,,
40,5,8,2450000,"Калининградская область, Калининград, р-н Центральный, улица Карташева, 46Ж",18,9,2017,1, совмещенный,1, лоджия,Косметический,Кирпичный,Железобетонные,Котел/Квартирное отопление,Центральное
37.1,4,5,1320000,"Калининградская область, Калининград, р-н Центральный, Балтийское шоссе",,,1997,,,1, балкон,Косметический,Кирпичный,,,
34,2,5,1500000,"Калининградская область, Калининград, р-н Центральный, Чкаловск мкр, улица Горбунова",,8,1995,1, раздельный,1, лоджия,Без ремонта,Панельный,,,
45.6,2,3,3100000,"Калининградская область, Калининград, р-н Центральный, проезд 1-й Октябрьский, 6",27.7,11.2,1945,1, совмещенный,,,Без ремонта,,,,
31,5,5,1850000,"Калининградская область, Калининград, р-н Центральный, улица Каштановая Аллея",,,,1, совмещенный,1, балкон,Евроремонт,,,,
34,5,5,1900000,"Калининградская область, Калининград, р-н Центральный, улица Каштановая Аллея",,,,,,,,Косметический,,,,
21.1,1,5,1350000,"Калининградская область, Калининград, р-н Центральный, Красная улица, 117А",9,9,1970,1, совмещенный,,,Косметический,,,,
45.7,2,4,3039050,"Калининградская область, Калининград, р-н Центральный, улица Тихоненко",,10.5,,1, совмещенный,1, балкон,Косметический,,,,
36,3,4,2500000,"Калининградская область, Калининград, р-н Центральный, улица Глазунова, 13",,,1983,1, совмещенный,1, балкон,Косметический,Кирпичный,Железобетонные,Центральное,Центральное
48,6,9,3100000,"Калининградская область, Калининград, р-н Центральный, Осенняя улица, 10",17,13,2012,1, раздельный,1, лоджия,Косметический,Панельный,Железобетонные,Автономная котельная,Центральное
40,5,6,1650000,"Калининградская область, Калининград, р-н Центральный, Советский проспект",,,,,,,,Косметический,Кирпичный,,,
27,5,5,1300000,"Калининградская область, Калининград, р-н Центральный, Советский проспект, 202",12,5,1980,1, совмещенный,,,Косметический,,,,
30,1,2,1650000,"Калининградская область, Калининград, р-н Центральный, улица Нахимова, 24",,10,1959,1, раздельный,1, балкон,,Кирпичный,Железобетонные,Центральное,Центральное
17,5,5,950000,"Калининградская область, Калининград, р-н Центральный, Красная улица",,,1970,,,,,Косметический,Блочный,,,
34,3,5,1500000,"Калининградская область, Калининград, р-н Центральный, Балтийское шоссе, 116",17,5,1960,,,,,Косметический,Панельный,Железобетонные,Центральное,Центральное
23.3,4,5,1170000,"Калининградская область, Калининград, р-н Центральный, улица Маршала Борзова, 56",16.5,4,1970,1, совмещенный,,,,,,,
35.4,3,4,1890000,"Калининградская область, Калининград, р-н Центральный, улица Каштановая Аллея",,,1985,1, совмещенный,,,Евроремонт,Кирпичный,,,
35,3,5,2200000,"Калининградская область, Калининград, р-н Центральный, улица Полковника Сафронова",,,1982,1, совмещенный,,,Косметический,Кирпичный,,,
38,3,9,2700000,"Калининградская область, Калининград, р-н Центральный, улица Ломоносова, 4А",,9,2015,1, совмещенный,1, лоджия,Косметический,Панельный,Железобетонные,Котел/Квартирное отопление,Центральное
39.5,3,6,2800000,"Калининградская область, Калининград, р-н Центральный, Старорусская улица, 29",27,9,2019,,,1, балкон,Без ремонта,,,,
40,9,10,2900000,"Калининградская область, Калининград, р-н Центральный, улица Каштановая Аллея",,10,,1, совмещенный,1, балкон,Евроремонт,,,,
43,4,13,3300000,"Калининградская область, Калининград, р-н Центральный, Советский проспект, 50",18,12,2020,1, совмещенный,1, балкон,Без ремонта,,,,
30.2,4,5,2200000,"Калининградская область, Калининград, р-н Центральный, Советский проспект, 79",19,5.4,1960,1, совмещенный,1, балкон,Косметический,,,,
30,4,5,1750000,"Калининградская область, Калининград, р-н Центральный, Красносельская улица",,,1998,1, совмещенный,1, лоджия,Косметический,Кирпичный,,,
38.41,2,8,2649000,"Калининградская область, Калининград, р-н Центральный, Красносельская улица, 57",,11,,1, совмещенный,1, лоджия,,,,,
37,5,5,1650000,"Калининградская область, Калининград, р-н Центральный, Советский проспект",,13.5,1980,1, совмещенный,,,Косметический,,,,
40,2,3,2800000,"Калининградская область, Калининград, р-н Центральный, улица Генерал-лейтенанта Озерова",,,1959,,,,,Дизайнерский,Кирпичный,,,
30,1,5,1450000,"Калининградская область, Калининград, р-н Центральный, Вагоностроительная улица",15,8,1945,1, совмещенный,,,Косметический,Кирпичный,,,
34,3,5,2350000,"Калининградская область, Калининград, р-н Центральный, Зоологическая улица",,,,1, совмещенный,1, балкон,Косметический,,,,
35,5,5,1950000,"Калининградская область, Калининград, р-н Центральный, улица Маршала Борзова",19,,1991,1, раздельный,1, балкон,Косметический,Панельный,,,
43.5,4,7,3200000,"Калининградская область, Калининград, р-н Центральный, Чкаловск мкр, улица Мира, 9Б",19.1,11.4,2011,1, совмещенный,1, балкон,,Кирпичный,Железобетонные,Котел/Квартирное отопление,Центральное
38,1,5,3100000,"Калининградская область, Калининград, р-н Центральный, Чкаловск мкр, улица Докука, 11",17,10,2009,1, совмещенный,1, лоджия,Евроремонт,Кирпичный,Железобетонные,Котел/Квартирное отопление,Центральное
40,1,3,1780000,"Калининградская область, Калининград, р-н Центральный, улица Каблукова, 26",20,14,2019,1, совмещенный,,,Без ремонта,,,,
34.3,2,5,2150000,"Калининградская область, Калининград, р-н Центральный, улица Полковника Сафронова, 3",18.9,7.9,1987,,,,,,Кирпичный,Железобетонные,Центральное,Центральное
30,3,5,2420000,"Калининградская область, Калининград, р-н Центральный, улица Кирова, 61",16,7,1978,,,,,,,,,
30,2,5,2550000,"Калининградская область, Калининград, р-н Центральный, Нарвская улица, 29",,6,,1, совмещенный,1, балкон,Евроремонт,,,,
43.9,7,9,3300000,"Калининградская область, Калининград, р-н Центральный, Чкаловск мкр, улица Лукашова, 24",23,10,2014,,,,,Евроремонт,,,,
40,3,6,3070000,"Калининградская область, Калининград, р-н Центральный, улица Тенистая Аллея, 36",17,10,2011,1, совмещенный,1, балкон,Косметический,,Железобетонные,Котел/Квартирное отопление,Центральное
41,6,8,3300000,"Калининградская область, Калининград, р-н Центральный, Чкаловск мкр, улица Лукашова, 22",22.1,9.4,2015,1, совмещенный,1," балкон, ",Евроремонт,Кирпичный,Железобетонные,Котел/Квартирное отопление,Центральное
31,1,5,1650000,"Калининградская область, Калининград, р-н Центральный, Красная улица",,,1973,1, совмещенный,,,Косметический,,,,
28,1,3,1600000,"Калининградская область, Калининград, р-н Центральный, Косогорная улица, 7",12.2,10.8,,1, раздельный,,,Косметический,,,,
38.41,2,8,2649000,"Калининградская область, Калининград, р-н Центральный, Красносельская улица, 57",14.9,10.4,2018,1, совмещенный,1, лоджия,Без ремонта,Кирпичный,,,
38,3,4,1900000,"Калининградская область, Калининград, р-н Центральный, Вагоностроительная улица, 33",20,8,1945,1, совмещенный,,,Косметический,,,,
35.9,3,5,2150000,"Калининградская область, Калининград, р-н Центральный, проспект Победы, 94",15,6.9,1988,1, раздельный,1, лоджия,Косметический,Блочный,Железобетонные,Центральное,Центральное
46.3,1,4,3379900,"Калининградская область, Калининград, р-н Центральный, улица Тихоненко, 17А",19.6,10.5,2018,1, совмещенный,1, балкон,Без ремонта,,,,
45.5,1,44,3321499,"Калининградская область, Калининград, р-н Центральный, улица Тихоненко, 17А",19.6,10.5,2018,1, совмещенный,1, балкон,Без ремонта,,,,
45,7,8,2550000,"Калининградская область, Калининград, р-н Центральный, Чкаловск мкр, улица Лукашова",,,2014,1, совмещенный,1, балкон,Евроремонт,Кирпичный,,,
34,2,5,1800000,"Калининградская область, Калининград, р-н Центральный, Лужская улица",18,,,1, совмещенный,1, балкон,Косметический,,,,
42,3,4,2650000,"Калининградская область, Калининград, р-н Центральный, улица Сержанта Мишина, 22В",18,11,2015,1, совмещенный,1, лоджия,Без ремонта,Кирпичный,Смешанные,Автономная котельная,Центральное
24,3,4,1300000,"Калининградская область, Калининград, р-н Центральный, Вагоностроительная улица",,9,,,,,,Косметический,,,,
40.1,3,4,1750000,"Калининградская область, Калининград, р-н Центральный, Вагоностроительная улица",22.9,10.5,1963,1, совмещенный,,,Косметический,,,,
30,1,5,1500000,"Калининградская область, Калининград, р-н Центральный, Вагоностроительная улица, 37",15.1,8.7,1945,1, совмещенный,,,Косметический,,,,
40,4,6,3050000,"Калининградская область, Калининград, р-н Центральный, Чкаловск мкр, улица Лукашова, 11А",18,9.5,2011,,,,,Косметический,Кирпичный,Железобетонные,Котел/Квартирное отопление,Центральное
36,3,5,2400000,"Калининградская область, Калининград, р-н Центральный, улица Памяти Павших в Афганистане",,,,1, совмещенный,1, балкон,Евроремонт,Кирпичный,,,
31,5,5,2000000,"Калининградская область, Калининград, р-н Центральный, улица Каштановая Аллея",,,,1, совмещенный,1, лоджия,Евроремонт,,,,
40,3,10,3400000,"Калининградская область, Калининград, р-н Центральный, улица Каштановая Аллея",,11,,1, совмещенный,1, лоджия,Дизайнерский,Кирпичный,,,
24,4,5,1350000,"Калининградская область, Калининград, р-н Центральный, улица Маршала Борзова, 52",20,,1976,,,,,Евроремонт,Блочный,Железобетонные,Центральное,
36.1,5,5,1650000,"Калининградская область, Калининград, р-н Центральный, Советский проспект, 202",17.6,13.2,1980,,,,,Косметический,,,,
45.3,2,3,3450000,"Калининградская область, Калининград, р-н Центральный, улица Тихоненко, 23",20,11,2014,1, совмещенный,,,Косметический,,,,
32,3,3,1400000,"Калининградская область, Калининград, р-н Центральный, Аральская улица",,6,,,,1, балкон,Косметический,,,,
19.3,5,5,1450000,"Калининградская область, Калининград, р-н Центральный, Красная улица, 116",13.2,4,1945,1, совмещенный,,,Косметический,,,,Автономное
32.6,1,3,1600000,"Калининградская область, Калининград, р-н Центральный, проспект Победы, 189",16.3,8.8,,,,,,,,,,
25,5,5,1500000,"Калининградская область, Калининград, р-н Центральный, Бассейная улица, 49",14,5,1982,1, совмещенный,1, балкон,Косметический,Блочный,Железобетонные,Центральное,Центральное
33,3,5,2000000,"Калининградская область, Калининград, р-н Центральный, улица Космонавта Леонова",,,,,,,,Косметический,,,,
43,5,8,3120000,"Калининградская область, Калининград, р-н Центральный, Бассейная улица",,,2012,1, совмещенный,1, лоджия,Косметический,,,,
38,1,3,2950000,"Калининградская область, Калининград, р-н Центральный, улица Дмитрия Донского, 50",19,10,1998,1, совмещенный,,,Косметический,Кирпичный,Железобетонные,Котел/Квартирное отопление,Центральное
18.6,5,5,1250000,"Калининградская область, Калининград, р-н Центральный, Красная улица, 127",13.4,3.5,1972,1, совмещенный,,,Косметический,Блочный,Железобетонные,Центральное,
38,4,5,1950000,"Калининградская область, Калининград, р-н Центральный, Чкаловск мкр, улица Беланова",,,1991,1, раздельный,1, лоджия,Евроремонт,Панельный,,,
30,1,4,2200000,"Калининградская область, Калининград, р-н Центральный, улица Репина",,,1963,1, совмещенный,,,Косметический,Блочный,,,
38,2,5,2300000,"Калининградская область, Калининград, р-н Центральный, Красная улица",,,,,,,,Косметический,,,,
27,3,5,1490000,"Калининградская область, Калининград, р-н Центральный, улица Сержанта Мишина",,,1978,1, совмещенный,,,Косметический,Блочный,,,
39,3,10,2750000,"Калининградская область, Калининград, р-н Центральный, улица Каштановая Аллея",,10,2017,1, совмещенный,1, лоджия,Дизайнерский,Кирпичный,,,
33,5,6,1850000,"Калининградская область, Калининград, р-н Центральный, улица Менделеева",18,8,1994,1, совмещенный,1, балкон,Косметический,Кирпичный,,,
30,2,3,2250000,"Калининградская область, Калининград, р-н Центральный, Комсомольская улица",,,1945,1, совмещенный,,,Косметический,,,,
44.93,7,10,2850000,"Калининградская область, Калининград, р-н Центральный, Лужская улица",,,2014,1, совмещенный,1, лоджия,Евроремонт,Кирпичный,,,
45,6,8,5700000,"Калининградская область, Калининград, р-н Центральный, Бассейная улица",,,2012,1, совмещенный,,,Дизайнерский,,,,
46.72,3,5,4650000,"Калининградская область, Калининград, р-н Центральный, улица Космонавта Пацаева, 6А",18.4,13.5,2018,,,,,Без ремонта,,,,
34.4,7,9,2500000,"Калининградская область, Калининград, р-н Центральный, улица Космонавта Леонова",,,1975,1, совмещенный,1, лоджия,Косметический,Кирпичный,,,
46,4,9,2550000,"Калининградская область, Калининград, р-н Центральный, улица Ломоносова",,,2015,1, совмещенный,1, лоджия,Косметический,Панельный,,,
33,1,5,2100000,"Калининградская область, Калининград, р-н Центральный, Комсомольская улица",,,1980,1, совмещенный,1, балкон,Косметический,Кирпичный,,,
38.1,4,8,2460000,"Калининградская область, Калининград, р-н Центральный, улица Карташева, 46А",18.3,9.6,2016,1, совмещенный,1, лоджия,,Кирпичный,Железобетонные,Котел/Квартирное отопление,Центральное
40.7,4,9,2500000,"Калининградская область, Калининград, р-н Центральный, Новгородская улица",,,2015,1, раздельный,1, лоджия,Евроремонт,Монолитный,,,
37,5,5,1650000,"Калининградская область, Калининград, р-н Центральный, Советский проспект",,,1980,,,,,Косметический,,,,
31,3,3,2700000,"Калининградская область, Калининград, р-н Центральный, Зоологическая улица, 53",15,8.4,1945,1, раздельный,,,Косметический,Кирпичный,Смешанные,Центральное,Центральное
38.41,7,8,2699000,"Калининградская область, Калининград, р-н Центральный, Красносельская улица, 57",,,2020,,,,,,,,,
24,5,5,1400000,"Калининградская область, Калининград, р-н Центральный, Красная улица",,,1972,1, совмещенный,1, балкон,Евроремонт,Кирпичный,,,
33,5,5,2860000,"Калининградская область, Калининград, р-н Центральный, Зоологическая улица, 11Б",17,6,1980,1, раздельный,1, балкон,Косметический,,,,
38,1,3,2860000,"Калининградская область, Калининград, р-н Центральный, улица Дмитрия Донского, 50",,,1991,1, совмещенный,,,,Кирпичный,Железобетонные,Котел/Квартирное отопление,Центральное
48.8,4,6,2990000,"Калининградская область, Калининград, р-н Центральный, улица Добролюбова",,,2011,1, совмещенный,1, лоджия,Евроремонт,,,,
29,3,3,1900000,"Калининградская область, Калининград, р-н Центральный, улица Космонавта Леонова",19,7.5,1945,,,,,Косметический,Кирпичный,,,
29,4,5,2100000,"Калининградская область, Калининград, р-н Центральный, улица Чайковского",,,,,,,,Косметический,,,,
33,2,4,1600000,"Калининградская область, Калининград, р-н Центральный, Советский проспект",,,,1, совмещенный,1, балкон,Косметический,,,,
73,4,4,4500000,"Калининградская область, Калининград, р-н Центральный, улица Ватутина, 22",17,10,,1, совмещенный,1, балкон,Без ремонта,,,,
33,5,5,1900000,"Калининградская область, Калининград, р-н Центральный, улица Чекистов, 56",,6,,1, раздельный,1, балкон,Косметический,,,,
36.3,6,17,2500000,"Калининградская область, Калининград, р-н Центральный, улица Каштановая Аллея",,,2013,1, совмещенный,1, балкон,Косметический,Блочный,,,
39,5,5,2750000,"Калининградская область, Калининград, р-н Центральный, Чкаловск мкр, улица Беланова, 3",16,14,2011,1, совмещенный,1, балкон,,Кирпичный,Железобетонные,Котел/Квартирное отопление,Центральное
45.9,4,6,2950000,"Калининградская область, Калининград, р-н Центральный, улица Маршала Борзова, 97",19,10.2,1990,,,,,Евроремонт,Панельный,Железобетонные,Центральное,Центральное
38.6,2,4,2550000,"Калининградская область, Калининград, р-н Центральный, Бассейная улица, 59А",14.5,15.4,,1, совмещенный,1, балкон,Без ремонта,,,,
40,1,7,2455000,"Калининградская область, Калининград, р-н Центральный, проспект Победы, 106",19,11,2016,1, совмещенный,,,Косметический,Кирпичный,Железобетонные,,
30,5,5,2400000,"Калининградская область, Калининград, р-н Центральный, улица Чайковского, 26",,,1969,1, раздельный,1, балкон,,Кирпичный,Железобетонные,Центральное,Центральное
32.4,1,3,1550000,"Калининградская область, Калининград, р-н Центральный, проспект Победы",,,,,,,,Косметический,,,,
41,4,7,3350000,"Калининградская область, Калининград, р-н Центральный, Воздушный переулок",,,2019,1, совмещенный,1, лоджия,Дизайнерский,Кирпичный,,,
47.06,1,4,4900000,"Калининградская область, Калининград, р-н Центральный, улица Марата, 5",18.2,13.1,2016,1, совмещенный,1, балкон,Евроремонт,,,,
49.2,2,13,2850000,"Калининградская область, Калининград, р-н Центральный, Красная улица",,,2015,1, совмещенный,1, лоджия,Евроремонт,Кирпичный,,,
37,2,9,2770000,"Калининградская область, Калининград, р-н Центральный, улица Каблукова, 11А",16,9,,1, совмещенный,1, балкон,Евроремонт,,,,
48.9,2,6,5200000,"Калининградская область, Калининград, р-н Центральный, улица Космонавта Пацаева, 6А",18.3,13.1,2018,1, совмещенный,1, балкон,Без ремонта,,,,
30.3,2,3,2500000,"Калининградская область, Калининград, р-н Центральный, Комсомольская улица, 82А",18.7,4.9,1945,1, совмещенный,,,Косметический,,,,
40,1,5,1900000,"Калининградская область, Калининград, р-н Центральный, улица Чекистов",,,,1, раздельный,1, лоджия,Косметический,,,,
31.3,1,5,1450000,"Калининградская область, Калининград, р-н Центральный, Чкаловск мкр, улица Беланова, 61",16.2,6.8,1979,1, совмещенный,,,Косметический,Блочный,Железобетонные,Центральное,Центральное
40.3,7,8,3150000,"Калининградская область, Калининград, р-н Центральный, улица Добролюбова",,,2014,1, совмещенный,1, лоджия,Евроремонт,Монолитный,,,
35,1,4,2580000,"Калининградская область, Калининград, р-н Центральный, улица Сержанта Мишина",,,2019,1, совмещенный,1, лоджия,Евроремонт,Кирпичный,,,
38,4,7,2450000,"Калининградская область, Калининград, р-н Центральный, Чкаловск мкр, улица Лукашова",,,,,,,,Евроремонт,,,,
43,1,3,2900000,"Калининградская область, Калининград, р-н Центральный, улица Ломоносова",,,,,,,,Евроремонт,,,,
30,2,2,1750000,"Калининградская область, Калининград, р-н Центральный, Окуловская улица, 21",18,7,1971,1, совмещенный,,,Косметический,,,,
26,1,3,2100000,"Калининградская область, Калининград, р-н Центральный, Чкаловск мкр, улица Лукашова",10,8.5,2016,1, совмещенный,,,Косметический,Кирпичный,,,
46,4,6,2900000,"Калининградская область, Калининград, р-н Центральный, улица Добролюбова",,,2011,1, совмещенный,,,Евроремонт,,,,
30.5,3,5,1850000,"Калининградская область, Калининград, р-н Центральный, улица Менделеева, 4",,,1994,1, раздельный,1, балкон,Косметический,,,,
40,11,16,2850000,"Калининградская область, Калининград, р-н Центральный, улица Каштановая Аллея, 171",20,11,2013,1, раздельный,1, балкон,Косметический,Блочный,Железобетонные,Центральное,
41,3,9,3200000,"Калининградская область, Калининград, р-н Центральный, улица Добролюбова, 46",17.2,8.9,2015,1, совмещенный,1, лоджия,Косметический,Кирпичный,Железобетонные,,
26,1,1,2980000,"Калининградская область, Калининград, р-н Центральный, Курганская улица, 6",13.1,6.6,1945,1, раздельный,,,Без ремонта,,,,
40.8,6,6,3100000,"Калининградская область, Калининград, р-н Центральный, Старорусская улица, 29",17.4,9.4,2019,1, раздельный,1, балкон,,,,,
43,2,6,3250000,"Калининградская область, Калининград, р-н Центральный, Старорусская улица, 29",18,13.7,,,,,,,,,,
35,2,5,2650000,"Калининградская область, Калининград, р-н Центральный, Чкаловск мкр, улица Беланова",,,2011,1, совмещенный,1, лоджия,Евроремонт,Кирпичный,,,
30,1,5,2100000,"Калининградская область, Калининград, р-н Центральный, Нарвская улица, 31",16,7,1980,,,,,Косметический,,,,
42,3,16,2550000,"Калининградская область, Калининград, р-н Центральный, улица Каштановая Аллея, 171",,,2013,1, совмещенный,1, лоджия,Евроремонт,Блочный,Железобетонные,Центральное,
32,1,5,2100000,"Калининградская область, Калининград, р-н Центральный, улица Кирова, 89",18.1,6,1980,,,,,,Блочный,Железобетонные,Центральное,Центральное
40,1,4,1900000,"Калининградская область, Калининград, р-н Центральный, Советский проспект, 102",,,1945,,,,,Без ремонта,Кирпичный,Смешанные,Автономная котельная,Центральное
42,12,16,2600000,"Калининградская область, Калининград, р-н Центральный, улица Каштановая Аллея",,,2012,1, совмещенный,1," балкон, ",Евроремонт,Блочный,,,
39,1,9,2200000,"Калининградская область, Калининград, р-н Центральный, улица Карташева, 12",18,9,2014,1, совмещенный,1, лоджия,Евроремонт,Кирпичный,Железобетонные,Котел/Квартирное отопление,Автономное
41,5,5,2500000,"Калининградская область, Калининград, р-н Центральный, Чкаловск мкр, улица Беланова",,,2011,1, совмещенный,1, балкон,Косметический,Кирпичный,,,
42,4,9,2500000,"Калининградская область, Калининград, р-н Центральный, Новгородская улица",,,2015,,,1, лоджия,Косметический,Монолитный,,,
40.4,4,6,3200000,"Калининградская область, Калининград, р-н Центральный, Старорусская улица, 29",18,11,2019,,,1, балкон,Евроремонт,,,,
34.2,4,4,2550000,"Калининградская область, Калининград, р-н Центральный, Юношеская улица, 10",,7.3,1945,1, совмещенный,,,Косметический,Кирпичный,Смешанные,Центральное,Центральное
30,3,5,2490000,"Калининградская область, Калининград, р-н Центральный, улица Кирова, 61",16,,,1, совмещенный,,,Евроремонт,,,,
50,4,4,4900000,"Калининградская область, Калининград, р-н Центральный, Коломенская улица, 1",17,20,2012,,,,,Косметический,,,,
43,1,3,3050000,"Калининградская область, Калининград, р-н Центральный, улица Ломоносова, 88А",16.3,10.7,,1, совмещенный,1, балкон,Евроремонт,,,,
35,3,4,1700000,"Калининградская область, Калининград, р-н Центральный, Вагоностроительная улица",,,1945,,,,,Косметический,Кирпичный,,,
30,3,5,2420000,"Калининградская область, Калининград, р-н Центральный, улица Кирова",17,,,1, совмещенный,,,Косметический,Кирпичный,,,
42,2,4,2600000,"Калининградская область, Калининград, р-н Центральный, улица Чайковского",,,1945,,,,,Косметический,Кирпичный,,,
43.1,6,7,3300000,"Калининградская область, Калининград, р-н Центральный, проспект Мира",,8,,1, совмещенный,1, лоджия,Косметический,,,,
30,2,2,1750000,"Калининградская область, Калининград, р-н Центральный, Окуловская улица, 21",,,,1, раздельный,1, балкон,Косметический,,,,
46.8,1,5,3050000,"Калининградская область, Калининград, р-н Центральный, Чкаловск мкр, улица Беланова, 107",18,16.7,2007,1, раздельный,2, лоджии,,Кирпичный,Железобетонные,Котел/Квартирное отопление,Центральное
40.3,7,8,3270000,"Калининградская область, Калининград, р-н Центральный, улица Добролюбова, 37",18.6,10,2016,1, совмещенный,1, балкон,,,,,
40,1,6,2455000,"Калининградская область, Калининград, р-н Центральный, проспект Победы",,10,2016,1, совмещенный,,,Косметический,Кирпичный,,,
29,1,5,1850000,"Калининградская область, Калининград, р-н Центральный, улица Чкалова",,,1970,1, совмещенный,,,Косметический,,,,
30,3,3,2800000,"Калининградская область, Калининград, р-н Центральный, Зоологическая улица",,,,,,,,Косметический,,,,
40.6,4,4,2300000,"Калининградская область, Калининград, р-н Центральный, улица Маршала Борзова, 58Б",17.5,11,1971,1, совмещенный,,,Косметический,Кирпичный,Железобетонные,Центральное,Центральное
35.4,1,4,3100000,"Калининградская область, Калининград, р-н Центральный, улица Ломоносова, 93",17.6,10,,1, совмещенный,,,Евроремонт,,,,
43,6,16,2650000,"Калининградская область, Калининград, р-н Центральный, улица Каштановая Аллея",,,2012,1, совмещенный,1, лоджия,Косметический,Блочный,,,
44,6,7,3200000,"Калининградская область, Калининград, р-н Центральный, улица Белинского, 42",18.4,,2009,1, совмещенный,,,Евроремонт,Кирпичный,Железобетонные,Котел/Квартирное отопление,Центральное
38.6,10,16,2700000,"Калининградская область, Калининград, р-н Центральный, улица Каштановая Аллея",,,2013,1, совмещенный,1, лоджия,Косметический,Монолитный,,,
52.6,3,5,2760000,"Калининградская область, Калининград, р-н Центральный, улица Белинского, 61А",32.2,9.1,2004,1, совмещенный,1, балкон,Косметический,Кирпичный,Железобетонные,Центральное,Центральное
35,4,5,2300000,"Калининградская область, Калининград, р-н Центральный, улица Лейтенанта Яналова",,,,,,1, балкон,Косметический,,,,
54,3,7,2730000,"Калининградская область, Калининград, р-н Центральный, улица Белинского",,,2004,1, совмещенный,1, балкон,Косметический,Кирпичный,,,
31.9,1,5,2100000,"Калининградская область, Калининград, р-н Центральный, улица Кирова, 89",18.1,6,1970,1, раздельный,1, балкон,Косметический,Блочный,Железобетонные,Центральное,Центральное
45,8,9,4900000,"Калининградская область, Калининград, р-н Центральный, Советский проспект, 43",20.7,10,2012,1, совмещенный,1, балкон,Евроремонт,,Смешанные,Котел/Квартирное отопление,Центральное
40,1,5,2400000,"Калининградская область, Калининград, р-н Центральный, улица Георгия Димитрова",20,10,1982,1, раздельный,1, балкон,Косметический,Блочный,,,
45.3,3,4,3941100,"Калининградская область, Калининград, р-н Центральный, улица Ватутина, 22",19.8,11,,1, совмещенный,1, лоджия,Без ремонта,,,,
38.3,4,7,2450000,"Калининградская область, Калининград, р-н Центральный, Чкаловск мкр, улица Лукашова",,,2015,1, совмещенный,1, балкон,Косметический,,,,
32,4,5,2000000,"Калининградская область, Калининград, р-н Центральный, улица Чекистов",,7,,1, совмещенный,1, лоджия,Косметический,,,,
42,3,9,2760000,"Калининградская область, Калининград, р-н Центральный, Новгородская улица, 3",,,,1, раздельный,1, балкон,Без ремонта,,,,
30.6,1,2,2300000,"Калининградская область, Калининград, р-н Центральный, Саратовская улица, 49",17.3,7.9,1961,1, совмещенный,,,Косметический,Кирпичный,Смешанные,Автономная котельная,Центральное
33,1,4,2700000,"Калининградская область, Калининград, р-н Центральный, улица Генерал-лейтенанта Озерова",,,1945,1, совмещенный,,,Дизайнерский,Кирпичный,,,
30,3,5,2560000,"Калининградская область, Калининград, р-н Центральный, улица Кирова, 61",,,,1, раздельный,1, балкон,Косметический,,,,
36,2,4,2550000,"Калининградская область, Калининград, р-н Центральный, улица Репина",,,1963,1, совмещенный,1, балкон,Косметический,Блочный,,,
36,6,16,2800000,"Калининградская область, Калининград, р-н Центральный, улица Каштановая Аллея, 169",16,9,2012,1, совмещенный,1, лоджия,Евроремонт,Блочный,Железобетонные,Центральное,
53.9,2,5,5875100,"Калининградская область, Калининград, р-н Центральный, улица Пушкина, 7",22.2,,,1, совмещенный,,,Без ремонта,,,,
45,5,9,2740000,"Калининградская область, Калининград, р-н Центральный, Балтийское шоссе, 106А",19,13,2012,1, совмещенный,1, лоджия,Евроремонт,Панельный,Железобетонные,Котел/Квартирное отопление,Автономное
38,3,4,1950000,"Калининградская область, Калининград, р-н Центральный, Вагоностроительная улица, 33",20,8,1945,1, совмещенный,,,Косметический,,,,
30,2,3,2300000,"Калининградская область, Калининград, р-н Центральный, Комсомольская улица",18,,1945,1, совмещенный,,,Косметический,Кирпичный,,,
30.6,1,2,2300000,"Калининградская область, Калининград, р-н Центральный, Саратовская улица, 49",17.3,7.9,1961,1, раздельный,1, балкон,Косметический,Кирпичный,Смешанные,Автономная котельная,Центральное
39,4,16,3200000,"Калининградская область, Калининград, р-н Центральный, улица Каштановая Аллея",18,10,2013,1, совмещенный,1, балкон,Евроремонт,Блочный,,,
40,9,9,3600000,"Калининградская область, Калининград, р-н Центральный, Советский проспект",19,10,2019,1, совмещенный,1, лоджия,Косметический,Кирпичный,,,
32,5,5,2000000,"Калининградская область, Калининград, р-н Центральный, улица Сержанта Мишина, 8",18,6.3,1983,1, совмещенный,1, лоджия,Косметический,Кирпичный,Железобетонные,Центральное,Центральное
42,5,9,2990000,"Калининградская область, Калининград, р-н Центральный, улица Каштановая Аллея",,,,,,1, лоджия,Косметический,,,,
30,1,5,1500000,"Калининградская область, Калининград, р-н Центральный, Вагоностроительная улица",,,,,,,,Косметический,,,,
20.9,3,5,1350000,"Калининградская область, Калининград, р-н Центральный, улица Маршала Борзова, 56",,,1970,1, раздельный,1, балкон,Косметический,,,,
35,5,5,1650000,"Калининградская область, Калининград, р-н Центральный, Советский проспект, 202",,13,1980,1, совмещенный,,,Косметический,,,,
29,3,5,1440000,"Калининградская область, Калининград, р-н Центральный, Алданская улица, 22",15.3,6.7,1986,1, совмещенный,1, балкон,Косметический,Панельный,Железобетонные,Центральное,Центральное
41,4,10,3650000,"Калининградская область, Калининград, р-н Центральный, Комсомольская улица, 85",18,11,2011,1, совмещенный,1, балкон,Косметический,Кирпичный,Железобетонные,Центральное,Автономное
40.6,16,16,3050000,"Калининградская область, Калининград, р-н Центральный, улица Каштановая Аллея, 169",20,11,2012,1, совмещенный,1, лоджия,Дизайнерский,Блочный,Железобетонные,Центральное,
73.28,1,16,4300000,"Калининградская область, Калининград, р-н Центральный, Советский проспект, 81к2",36.7,18.3,2019,1, раздельный,1, лоджия,,,,,
47,5,7,3150000,"Калининградская область, Калининград, р-н Центральный, улица Белинского, 44",18.4,11.1,2010,,,,,Косметический,Кирпичный,Железобетонные,Котел/Квартирное отопление,Центральное
34,1,2,2200000,"Калининградская область, Калининград, р-н Центральный, Светлая улица, 22",,,,,,,,Косметический,,,,
42,12,16,2550000,"Калининградская область, Калининград, р-н Центральный, улица Каштановая Аллея",18,10,2012,1, совмещенный,1, балкон,Косметический,Блочный,,,
32,5,5,2000000,"Калининградская область, Калининград, р-н Центральный, улица Сержанта Мишина, 8",17.7,6.3,1984,1, совмещенный,1, балкон,Косметический,Кирпичный,Железобетонные,Центральное,Центральное
41,5,8,3200000,"Калининградская область, Калининград, р-н Центральный, Бассейная улица",,,2012,,,,,Косметический,,,,
44,8,8,2631400,"Калининградская область, Калининград, р-н Центральный, Красносельская улица, 67Б",19,11.8,2020,,,,,Без ремонта,Кирпичный,Железобетонные,Центральное,Центральное
48.81,1,12,2600000,"Калининградская область, Калининград, р-н Центральный, Красная улица, 139В",20.1,12.7,2016,1, совмещенный,1, лоджия,Без ремонта,Кирпичный,Железобетонные,,
40.4,12,16,2600000,"Калининградская область, Калининград, р-н Центральный, улица Каштановая Аллея, 169",19,10,2012,1, совмещенный,1, лоджия,Без ремонта,Блочный,Железобетонные,Центральное,
36.6,2,5,2600000,"Калининградская область, Калининград, р-н Центральный, улица Младшего лейтенанта Родителева, 16",18.1,7.3,1995,,,,,,,,,
48,4,4,2600000,"Калининградская область, Калининград, р-н Центральный, улица Радистов",,,1959,,,,,Косметический,,,,
39.6,7,9,2600000,"Калининградская область, Калининград, р-н Центральный, Новгородская улица, 7",14.1,8.7,2016,1, раздельный,1, балкон,Евроремонт,Монолитный,Железобетонные,Котел/Квартирное отопление,Центральное
42,7,8,2600000,"Калининградская область, Калининград, р-н Центральный, Чкаловск мкр, улица Лукашова, 26",19,11,2017,1, раздельный,2, лоджии,,Кирпичный,Железобетонные,Котел/Квартирное отопление,Центральное
40.6,4,4,2600000,"Калининградская область, Калининград, р-н Центральный, улица Маршала Борзова",,,1971,,,1, лоджия,Косметический,Кирпичный,,,
30,3,5,2600000,"Калининградская область, Калининград, р-н Центральный, улица Кирова",16,7,,,,,,Косметический,,,,
42,3,4,2600000,"Калининградская область, Калининград, р-н Центральный, улица Радистов",,,1959,1, совмещенный,,,Евроремонт,,,,
42,2,4,2600000,"Калининградская область, Калининград, р-н Центральный, улица Чайковского",,,1945,,,,,Косметический,Кирпичный,,,
38,1,5,2600000,"Калининградская область, Калининград, р-н Центральный, улица Карташева",,,1976,1, совмещенный,1, лоджия,Евроремонт,Блочный,,,
42,12,16,2600000,"Калининградская область, Калининград, р-н Центральный, улица Каштановая Аллея",,,2012,1, совмещенный,1," балкон, ",Евроремонт,Блочный,,,
40,4,4,2600000,"Калининградская область, Калининград, р-н Центральный, Гостиная улица",,,1954,1, совмещенный,,,Косметический,,,,
48,4,4,2600000,"Калининградская область, Калининград, р-н Центральный, улица Радистов",,,2011,1, совмещенный,,,Евроремонт,Кирпичный,,,
50,4,13,2600000,"Калининградская область, Калининград, р-н Центральный, Красная улица",,,2016,1, совмещенный,1, лоджия,Евроремонт,Кирпичный,,,
42,2,4,2660000,"Калининградская область, Калининград, р-н Центральный, улица Чайковского, 46",23,8.1,1945,1, совмещенный,,,,Кирпичный,Смешанные,Центральное,Центральное
32.5,1,4,2670000,"Калининградская область, Калининград, р-н Центральный, улица Сержанта Мишина, 68А",16,11,2019,,,,,,,,,
38.41,7,8,2699000,"Калининградская область, Калининград, р-н Центральный, Красносельская улица, 57",,,2020,,,,,,,,,
32,1,5,2650000,"Калининградская область, Калининград, р-н Центральный, Чкаловск мкр, улица Лукашова, 46",,9,2016,,,,,Косметический,Кирпичный,Железобетонные,Котел/Квартирное отопление,Центральное
40,2,16,2650000,"Калининградская область, Калининград, р-н Центральный, улица Каштановая Аллея, 169",,,2012,1, раздельный,1, балкон,,Блочный,Железобетонные,Центральное,
39.2,10,16,2699000,"Калининградская область, Калининград, р-н Центральный, улица Каштановая Аллея, 173",17.3,9.2,2013,1, совмещенный,1, лоджия,,Блочный,Железобетонные,Центральное,
42,2,4,2650000,"Калининградская область, Калининград, р-н Центральный, улица Чайковского, 46",23,8.1,1945,,,,,Евроремонт,Кирпичный,Смешанные,Центральное,Центральное
44,2,8,2650000,"Калининградская область, Калининград, р-н Центральный, Лужская улица",,,2014,1, совмещенный,,,Евроремонт,Кирпичный,,,
35,2,5,2650000,"Калининградская область, Калининград, р-н Центральный, Чкаловск мкр, улица Беланова",,,2011,1, совмещенный,1, лоджия,Евроремонт,Кирпичный,,,
39,14,16,2650000,"Калининградская область, Калининград, р-н Центральный, улица Каштановая Аллея",,,2012,1, совмещенный,1, лоджия,Евроремонт,Блочный,,,
34,2,5,2650000,"Калининградская область, Калининград, р-н Центральный, Чкаловск мкр, улица Беланова",,,2011,1, совмещенный,1, балкон,Евроремонт,Кирпичный,,,
32,2,3,2650000,"Калининградская область, Калининград, р-н Центральный, Комсомольская улица",,,1945,2, совмещенных,,,Косметический,Кирпичный,,,
31,1,5,2500000,"Калининградская область, Калининград, р-н Центральный, улица Генерал-лейтенанта Озерова, 16",,6,1965,1, совмещенный,,,,,,,
37,7,9,2750000,"Калининградская область, Калининград, р-н Центральный, улица Карташева, 48",,,2016,1, раздельный,1, балкон,Дизайнерский,Монолитный,Железобетонные,Котел/Квартирное отопление,Центральное
46.58,1,8,3049000,"Калининградская область, Калининград, р-н Центральный, Воздушный переулок, 6",18,13.1,2019,1, совмещенный,1, лоджия,Косметический,Кирпичный,,,
32,1,5,2700000,"Калининградская область, Калининград, р-н Центральный, Чкаловск мкр, улица Лукашова, 46",15,9,2016,1, совмещенный,1, балкон,,Кирпичный,Железобетонные,Котел/Квартирное отопление,Центральное
40,5,9,2990000,"Калининградская область, Калининград, р-н Центральный, улица Каштановая Аллея",,,2017,1, совмещенный,1, лоджия,Косметический,Кирпичный,,,
28,1,3,1700000,"Калининградская область, Калининград, р-н Центральный, Косогорная улица, 7",12,12,1940,,,,,Косметический,,,,
43,2,8,3300000,"Калининградская область, Калининград, р-н Центральный, Красносельская улица",,,2011,1, совмещенный,1, балкон,Евроремонт,Кирпичный,,,
37,8,9,2050000,"Калининградская область, Калининград, р-н Центральный, улица Каблукова",,,2018,,,,,Косметический,,,,
45,4,9,2500000,"Калининградская область, Калининград, р-н Центральный, улица Ломоносова",,,,1, совмещенный,1, балкон,Дизайнерский,,,,
41,4,10,3000000,"Калининградская область, Калининград, р-н Центральный, улица Каштановая Аллея",,,,1, совмещенный,1, лоджия,Евроремонт,Кирпичный,,,
40,6,10,3050000,"Калининградская область, Калининград, р-н Центральный, улица Каштановая Аллея, 165",16.3,10,2016,1, совмещенный,1, балкон,Косметический,,,,
34,2,5,2500000,"Калининградская область, Калининград, р-н Центральный, улица Тенистая Аллея",,,1993,1, совмещенный,1, балкон,Косметический,,,,
43,4,5,2000000,"Калининградская область, Калининград, р-н Центральный, Советский проспект",,,1972,,,1, балкон,Без ремонта,Кирпичный,,,
48,4,4,2600000,"Калининградская область, Калининград, р-н Центральный, улица Радистов",,,1959,,,,,Косметический,,,,
44,1,3,2950000,"Калининградская область, Калининград, р-н Центральный, улица Ломоносова",,,,,,,,Евроремонт,,,,
35,3,5,2350000,"Калининградская область, Калининград, р-н Центральный, Красносельская улица",,8,,1, совмещенный,1, балкон,Косметический,,,,
36,2,5,1900000,"Калининградская область, Калининград, р-н Центральный, улица Мусоргского",,,1973,,,,,Косметический,Кирпичный,,,
34,1,5,2100000,"Калининградская область, Калининград, р-н Центральный, Комсомольская улица",,,1980,1, совмещенный,1, балкон,Косметический,Кирпичный,,,
27,4,4,2250000,"Калининградская область, Калининград, р-н Центральный, Советский проспект",,,,,,,,Косметический,,,,
37,4,5,2380000,"Калининградская область, Калининград, р-н Центральный, улица Генерал-лейтенанта Захарова",,,1975,1, совмещенный,1, балкон,Евроремонт,,,,
35,3,4,2200000,"Калининградская область, Калининград, р-н Центральный, проспект Победы",,,1964,,,1, балкон,Косметический,Кирпичный,,,
40,2,5,2500000,"Калининградская область, Калининград, р-н Центральный, улица Младшего лейтенанта Родителева",,,1995,,,1, лоджия,Косметический,,,,
45.9,4,7,3000000,"Калининградская область, Калининград, р-н Центральный, улица Маршала Борзова",,,2005,,,,,Евроремонт,Панельный,,,
45,1,6,3000000,"Калининградская область, Калининград, р-н Центральный, Комсомольская улица",,,1999,,,,,Евроремонт,Кирпичный,,,
47,4,7,3090000,"Калининградская область, Калининград, р-н Центральный, улица Маршала Борзова",,,2005,1, совмещенный,1, балкон,Евроремонт,Панельный,,,
40,11,16,2850000,"Калининградская область, Калининград, р-н Центральный, улица Каштановая Аллея, 171",,,2002,1, совмещенный,1, лоджия,Косметический,Блочный,Железобетонные,Центральное,
36,1,4,3150000,"Калининградская область, Калининград, р-н Центральный, улица Ломоносова",,10,,1, совмещенный,,,Евроремонт,,,,
35,3,5,1950000,"Калининградская область, Калининград, р-н Центральный, переулок Радистов",,,1992,1, совмещенный,,,Косметический,Панельный,,,
42,3,9,2760000,"Калининградская область, Калининград, р-н Центральный, Новгородская улица, 3",,,,1, раздельный,1, балкон,Без ремонта,,,,
52.6,3,5,2760000,"Калининградская область, Калининград, р-н Центральный, улица Белинского, 61А",32.2,9.1,2004,1, совмещенный,1, балкон,Косметический,Кирпичный,Железобетонные,Центральное,Центральное
43.3,5,9,2760000,"Калининградская область, Калининград, р-н Центральный, Балтийское шоссе, 106А",16,10,2013,1, совмещенный,1, балкон,Косметический,Панельный,Железобетонные,Котел/Квартирное отопление,Автономное
39,5,5,2750000,"Калининградская область, Калининград, р-н Центральный, Чкаловск мкр, улица Беланова, 3",16,14,2011,1, совмещенный,1, балкон,,Кирпичный,Железобетонные,Котел/Квартирное отопление,Центральное
37,7,9,2750000,"Калининградская область, Калининград, р-н Центральный, улица Карташева, 48",,,2016,1, раздельный,1, балкон,Дизайнерский,Монолитный,Железобетонные,Котел/Квартирное отопление,Центральное
40,15,16,2750000,"Калининградская область, Калининград, р-н Центральный, улица Каштановая Аллея, 173",18,9,2013,1, совмещенный,1, лоджия,Евроремонт,Блочный,Железобетонные,Центральное,
33,1,3,2750000,"Калининградская область, Калининград, р-н Центральный, улица Генерал-лейтенанта Озерова, 22",,,1959,1, раздельный,1, балкон,Дизайнерский,Кирпичный,Смешанные,Центральное,Центральное
53,3,5,2750000,"Калининградская область, Калининград, р-н Центральный, улица Белинского",,,2004,1, совмещенный,1, балкон,Косметический,Кирпичный,,,
43,15,17,2750000,"Калининградская область, Калининград, р-н Центральный, улица Каштановая Аллея",,,2013,1, совмещенный,1, лоджия,Евроремонт,Блочный,,,
40,4,8,2750000,"Калининградская область, Калининград, р-н Центральный, улица Карташева",,,2016,,,,,Косметический,Кирпичный,,,
52,3,7,2750000,"Калининградская область, Калининград, р-н Центральный, улица Белинского",,,2004,1, совмещенный,1, балкон,Косметический,Кирпичный,,,
42,12,16,2750000,"Калининградская область, Калининград, р-н Центральный, улица Каштановая Аллея",,10,2012,,,,,Косметический,Блочный,,,
38.6,10,16,2760000,"Калининградская область, Калининград, р-н Центральный, улица Каштановая Аллея, 171",,9.2,2013,1, совмещенный,1," балкон, ",Косметический,Блочный,Железобетонные,Центральное,
39,3,10,2750000,"Калининградская область, Калининград, р-н Центральный, улица Каштановая Аллея",,10,2017,1, совмещенный,1, лоджия,Дизайнерский,Кирпичный,,,
39,14,16,2790000,"Калининградская область, Калининград, р-н Центральный, улица Каштановая Аллея",,,2012,1, совмещенный,1, лоджия,Евроремонт,Блочный,,,
40,15,16,2750000,"Калининградская область, Калининград, р-н Центральный, улица Каштановая Аллея",,,2013,1, совмещенный,1, лоджия,Косметический,Блочный,,,
32,2,5,2750000,"Калининградская область, Калининград, р-н Центральный, улица Маршала Борзова, 58Е",,8,2004,1, совмещенный,1, лоджия,Косметический,Кирпичный,Железобетонные,Котел/Квартирное отопление,Центральное
40,11,16,2800888,"Калининградская область, Калининград, р-н Центральный, улица Каштановая Аллея, 171",,11,2013,1, совмещенный,1, лоджия,Косметический,Блочный,Железобетонные,Центральное,
30,3,3,2800000,"Калининградская область, Калининград, р-н Центральный, Зоологическая улица",,,,,,,,Косметический,,,,
53,3,7,2800000,"Калининградская область, Калининград, р-н Центральный, улица Белинского",,,2004,1, совмещенный,1, балкон,Евроремонт,Кирпичный,,,
41,1,3,2800000,"Калининградская область, Калининград, р-н Центральный, улица Дмитрия Донского",,,1991,1, совмещенный,,,Евроремонт,Кирпичный,,,
40,2,3,2800000,"Калининградская область, Калининград, р-н Центральный, улица Генерал-лейтенанта Озерова",,,1959,,,,,Дизайнерский,Кирпичный,,,
42,1,6,2800000,"Калининградская область, Калининград, р-н Центральный, Спортивная улица",,,,1, совмещенный,1, лоджия,Без ремонта,,,,
40,1,3,2800000,"Калининградская область, Калининград, р-н Центральный, улица Дмитрия Донского",,,1996,1, совмещенный,,,Косметический,Кирпичный,,,
42,4,16,2850000,"Калининградская область, Калининград, р-н Центральный, улица Каштановая Аллея, 169",,,2012,,,,,,Блочный,Железобетонные,Центральное,
33,5,5,2860000,"Калининградская область, Калининград, р-н Центральный, Зоологическая улица, 11Б",17,6,1980,1, раздельный,1, балкон,Косметический,,,,
40,11,16,2850000,"Калининградская область, Калининград, р-н Центральный, улица Каштановая Аллея, 171",20,11,2013,1, раздельный,1, балкон,Косметический,Блочный,Железобетонные,Центральное,
39.7,2,6,2850000,"Калининградская область, Калининград, р-н Центральный, Старорусская улица, 29",17.2,9,2019,1, совмещенный,1, лоджия,Без ремонта,,,,
33,1,5,2400000,"Калининградская область, Калининград, р-н Центральный, переулок Щорса",,,,1, совмещенный,1, лоджия,Косметический,,,,
82.7,1,5,7892806,"Калининградская область, Калининград, р-н Центральный, улица Чернышевского, 34",60.3,,2018,1, совмещенный,1, лоджия,Без ремонта,,,,
39.2,10,16,2699000,"Калининградская область, Калининград, р-н Центральный, улица Каштановая Аллея, 173",17.3,9.2,2013,1, совмещенный,1, лоджия,,Блочный,Железобетонные,Центральное,
47,1,5,4600000,"Калининградская область, Калининград, р-н Центральный, улица Чернышевского, 34",21,11,2019,,,1, балкон,Без ремонта,,,,
40,1,3,2850000,"Калининградская область, Калининград, р-н Центральный, улица Дмитрия Донского",,,1991,,,,,Косметический,Кирпичный,,,
33.1,1,2,2100000,"Калининградская область, Калининград, р-н Центральный, Светлая улица, 26",19.3,9.8,1945,,,,,,,,,
44,6,9,3250000,"Калининградская область, Калининград, р-н Центральный, улица Белинского, 42",18.4,11.2,2009,1, совмещенный,1, балкон,Косметический,Кирпичный,Железобетонные,Котел/Квартирное отопление,Центральное
32.79,3,4,2450000,"Калининградская область, Калининград, р-н Центральный, улица Сержанта Мишина",16.5,8.9,2020,1, совмещенный,1, балкон,Без ремонта,Блочный,,,
46.2,4,4,3372600,"Калининградская область, Калининград, р-н Центральный, улица Тихоненко, 17А",16.2,14.2,2017,1, совмещенный,1, балкон,Без ремонта,,,,
46.3,1,4,3379900,"Калининградская область, Калининград, р-н Центральный, улица Тихоненко, 17А",16.2,14.2,2017,1, совмещенный,1, балкон,Без ремонта,,,,
45.7,2,4,3427500,"Калининградская область, Калининград, р-н Центральный, улица Тихоненко, 17А",19.7,10.5,2017,1, совмещенный,1, балкон,Без ремонта,,,,
40,2,5,2500000,"Калининградская область, Калининград, р-н Центральный, улица Младшего лейтенанта Родителева",,,,1, совмещенный,1, лоджия,Косметический,,,,
50.6,4,5,3320000,"Калининградская область, Калининград, р-н Центральный, Чкаловск мкр, улица Беланова, 107",,15.8,2007,1, совмещенный,1, лоджия,,Кирпичный,Железобетонные,Котел/Квартирное отопление,Центральное
32,3,5,2420000,"Калининградская область, Калининград, р-н Центральный, улица Кирова",,,,1, совмещенный,1, балкон,Евроремонт,,,,
39,4,16,3300000,"Калининградская область, Калининград, р-н Центральный, улица Каштановая Аллея, 171",18,10,2013,,,,,Косметический,Блочный,Железобетонные,Центральное,
40.6,4,4,2600000,"Калининградская область, Калининград, р-н Центральный, улица Маршала Борзова",,,1971,,,1, лоджия,Косметический,Кирпичный,,,
40.5,4,5,2580000,"Калининградская область, Калининград, р-н Центральный, улица Репина",,,1984,,,1, лоджия,Косметический,Кирпичный,,,
38,3,4,2050000,"Калининградская область, Калининград, р-н Центральный, Вагоностроительная улица",,,,,,,,Косметический,,,,
40,1,6,2550000,"Калининградская область, Калининград, р-н Центральный, проспект Победы",,,2016,,,,,Евроремонт,Кирпичный,,,
29,5,5,1820000,"Калининградская область, Калининград, р-н Центральный, улица Маршала Борзова, 88",16,6,1985,1, совмещенный,1, балкон,Косметический,,,,
30,3,5,2420000,"Калининградская область, Калининград, р-н Центральный, улица Кирова",16,7,1978,1, совмещенный,1, лоджия,Косметический,,,,
45,4,5,2860000,"Калининградская область, Калининград, р-н Центральный, Брусничная улица",,,2002,1, совмещенный,1, балкон,Евроремонт,Кирпичный,,,
42,5,5,3150000,"Калининградская область, Калининград, р-н Центральный, улица Радистов, 56А",,,2014,1, совмещенный,,,,,Железобетонные,Котел/Квартирное отопление,Центральное
42,1,4,3290000,"Калининградская область, Калининград, р-н Центральный, улица Менделеева, 37А",,14,2007,1, совмещенный,1, лоджия,Евроремонт,Кирпичный,Железобетонные,Котел/Квартирное отопление,Центральное
45.9,4,6,2900000,"Калининградская область, Калининград, р-н Центральный, улица Маршала Борзова",,,2005,1, совмещенный,1, лоджия,Евроремонт,Панельный,,,
44.6,4,5,2440000,"Калининградская область, Калининград, р-н Центральный, улица Кирова",29.7,5.7,,,,,,Косметический,,,,
29,5,5,1750000,"Калининградская область, Калининград, р-н Центральный, улица Маршала Борзова",16,6,1985,1, совмещенный,1, балкон,Без ремонта,Кирпичный,,,
33,5,5,1850000,"Калининградская область, Калининград, р-н Центральный, улица Менделеева",,,1994,1, совмещенный,1, лоджия,Косметический,Кирпичный,,,
43.4,1,4,3428600,"Калининградская область, Калининград, р-н Центральный, улица Ватутина, 22",18.7,10.5,2020,1, совмещенный,1, балкон,Без ремонта,,,,
34.1,4,5,2300000,"Калининградская область, Калининград, р-н Центральный, улица Лейтенанта Яналова",,,1980,1, совмещенный,1, балкон,Евроремонт,,,,
45,4,5,2860000,"Калининградская область, Калининград, р-н Центральный, Млечная улица, 1",19.6,11.5,2002,1, совмещенный,1, балкон,Косметический,,,,
36,5,5,1800000,"Калининградская область, Калининград, р-н Центральный, Алданская улица",,,1984,1, совмещенный,1, балкон,Косметический,Панельный,,,
30,5,5,1900000,"Калининградская область, Калининград, р-н Центральный, улица Космонавта Леонова",,,1970,1, совмещенный,,,Косметический,,,,
34,5,5,2100000,"Калининградская область, Калининград, р-н Центральный, проспект Победы",,,1984,1, совмещенный,1, лоджия,Косметический,,,,
37,8,9,3850000,"Калининградская область, Калининград, р-н Центральный, Большая Окружная улица",17.2,9.5,,,,,,Без ремонта,Монолитный,,,
38,1,5,2600000,"Калининградская область, Калининград, р-н Центральный, улица Карташева",,,1976,1, совмещенный,1, лоджия,Евроремонт,Блочный,,,
38,3,4,2000000,"Калининградская область, Калининград, р-н Центральный, Вагоностроительная улица",,,,1, совмещенный,,,Косметический,,,,
39,4,16,3300000,"Калининградская область, Калининград, р-н Центральный, улица Каштановая Аллея, 171",18,10,2012,1, совмещенный,1, балкон,,Блочный,Железобетонные,Центральное,
28,2,3,2200000,"Калининградская область, Калининград, р-н Центральный, Косогорная улица",,,1945,1, совмещенный,,,Косметический,,,,
40,3,9,3150000,"Калининградская область, Калининград, р-н Центральный, улица Каштановая Аллея, 167",18,10,2018,,,1, балкон,Евроремонт,,,,
39,6,10,2700000,"Калининградская область, Калининград, р-н Центральный, Лужская улица",,,2014,1, совмещенный,1, балкон,Евроремонт,Кирпичный,,,
29,5,5,1750000,"Калининградская область, Калининград, р-н Центральный, улица Маршала Борзова",,,,,,,,Косметический,,,,
30,5,5,1950000,"Калининградская область, Калининград, р-н Центральный, улица Космонавта Леонова",,,1970,,,,,Косметический,Панельный,,,
32,2,3,2650000,"Калининградская область, Калининград, р-н Центральный, Комсомольская улица",,,1945,2, совмещенных,,,Косметический,Кирпичный,,,
29,5,5,1850000,"Калининградская область, Калининград, р-н Центральный, улица Маршала Борзова, 88",16,6,,,,,,Без ремонта,,,,
41,4,6,3300000,"Калининградская область, Калининград, р-н Центральный, Уютная улица, 9",18,9,2019,,,,,Евроремонт,Кирпичный,,,
34.8,2,4,2958000,"Калининградская область, Калининград, р-н Центральный, Третьяковская улица, 5А",14.1,12.1,2020,,,,,,,,,
35.48,1,4,3015800,"Калининградская область, Калининград, р-н Центральный, Третьяковская улица, 5А",15,12.3,2020,,,,,,,,,
36.4,1,8,2400000,"Калининградская область, Калининград, р-н Центральный, улица Карташева, 46А",17.5,9.5,2016,1, совмещенный,1, лоджия,Косметический,Кирпичный,Железобетонные,Котел/Квартирное отопление,Центральное
36.2,1,9,3050000,"Калининградская область, Калининград, р-н Центральный, проспект Мира, 159А",14,10,2013,1, раздельный,1, балкон,,Кирпичный,Железобетонные,Автономная котельная,Центральное
48,4,7,2950000,"Калининградская область, Калининград, р-н Центральный, улица Маршала Борзова",,,2005,1, совмещенный,1, лоджия,Евроремонт,Панельный,,,
36,4,5,2250000,"Калининградская область, Калининград, р-н Центральный, Калужская улица",,,1980,1, совмещенный,1, балкон,Косметический,Кирпичный,,,
28,2,3,2200000,"Калининградская область, Калининград, р-н Центральный, Косогорная улица, 7",14,12,,1, совмещенный,,,Косметический,,,,
33,1,4,2650000,"Калининградская область, Калининград, р-н Центральный, улица Сержанта Мишина",,,2019,1, совмещенный,1, лоджия,Евроремонт,Кирпичный,,,
38,3,4,1850000,"Калининградская область, Калининград, р-н Центральный, Вагоностроительная улица",,,,1, совмещенный,,,Косметический,,,,
34,4,5,2450000,"Калининградская область, Калининград, р-н Центральный, улица Генерал-лейтенанта Захарова, 44",20,6,1980,1, совмещенный,1, балкон,Косметический,,Смешанные,Центральное,Центральное
42,12,16,2750000,"Калининградская область, Калининград, р-н Центральный, улица Каштановая Аллея",,10,2012,,,,,Косметический,Блочный,,,
32,2,3,2200000,"Калининградская область, Калининград, р-н Центральный, Советский проспект",,,1945,,,,,Косметический,,,,
47.2,5,6,3350000,"Калининградская область, Калининград, р-н Центральный, Воздушный переулок, 7",21.1,10.7,2003,,,,,,Кирпичный,Железобетонные,Котел/Квартирное отопление,Центральное
45,2,8,3300000,"Калининградская область, Калининград, р-н Центральный, Красносельская улица, 73А",20,13,2011,1, совмещенный,1, лоджия,Дизайнерский,,,,
47.2,5,6,3350000,"Калининградская область, Калининград, р-н Центральный, Воздушный переулок",,,2003,1, совмещенный,1, лоджия,Евроремонт,Кирпичный,,,
40,5,9,2990000,"Калининградская область, Калининград, р-н Центральный, улица Каштановая Аллея",,,,,,,,Косметический,,,,
36,1,4,2650000,"Калининградская область, Калининград, р-н Центральный, улица Сержанта Мишина",,,,,,,,Косметический,,,,
32.5,1,4,2670000,"Калининградская область, Калининград, р-н Центральный, улица Сержанта Мишина, 68А",16,11,2019,,,,,,,,,
47,5,8,3200000,"Калининградская область, Калининград, р-н Центральный, улица Белинского",,,2010,,,,,Косметический,Кирпичный,,,
41,5,8,2500000,"Калининградская область, Калининград, р-н Центральный, улица Карташева",,,2017,,,,,Косметический,Кирпичный,,,
40,7,8,3350000,"Калининградская область, Калининград, р-н Центральный, проспект Победы",,,2017,1, совмещенный,1, лоджия,Евроремонт,Кирпичный,,,
33.6,4,5,2300000,"Калининградская область, Калининград, р-н Центральный, Калужская улица",,,1987,1, совмещенный,1, балкон,Косметический,Кирпичный,,,
30,1,5,2100000,"Калининградская область, Калининград, р-н Центральный, улица Каштановая Аллея",,,,1, совмещенный,,,Евроремонт,Кирпичный,,,
33,3,5,1950000,"Калининградская область, Калининград, р-н Центральный, переулок Радистов",,,1992,1, раздельный,,,Косметический,Панельный,,,
31,2,5,1990000,"Калининградская область, Калининград, р-н Центральный, улица Каштановая Аллея",,,,1, совмещенный,1, балкон,Косметический,Блочный,,,
43,4,9,2500000,"Калининградская область, Калининград, р-н Центральный, улица Ломоносова",,,2015,1, совмещенный,1, балкон,Косметический,Панельный,,,
44.4,1,4,3890000,"Калининградская область, Калининград, р-н Центральный, Красная улица, 268",22,12.5,2008,1, совмещенный,,,Евроремонт,Блочный,Деревянные,Автономная котельная,Центральное
40,8,9,2200000,"Калининградская область, Калининград, р-н Центральный, улица Каблукова",,,,1, совмещенный,1, лоджия,Косметический,,,,
40,7,7,3000000,"Калининградская область, Калининград, р-н Центральный, проспект Победы",,,2018,1, совмещенный,1, лоджия,Косметический,Монолитный,,,
40,5,9,2999000,"Калининградская область, Калининград, р-н Центральный, улица Каштановая Аллея",,,,1, совмещенный,1, лоджия,Евроремонт,Кирпичный,,,
32,5,5,2050000,"Калининградская область, Калининград, р-н Центральный, улица Сержанта Мишина, 8",18,6.3,1984,1, раздельный,1, балкон,,Кирпичный,Железобетонные,Центральное,Центральное
29,1,5,2050000,"Калининградская область, Калининград, р-н Центральный, улица Чкалова, 68",16,8,,1, совмещенный,,,Косметический,,,,
39,2,8,2990000,"Калининградская область, Калининград, р-н Центральный, улица Каштановая Аллея",,,,1, совмещенный,1, балкон,Косметический,,,,
28,4,5,2200000,"Калининградская область, Калининград, р-н Центральный, улица Маршала Борзова",,,1991,1, совмещенный,1, балкон,Дизайнерский,Панельный,,,
35,7,9,2700000,"Калининградская область, Калининград, р-н Центральный, улица Космонавта Леонова",,8,1975,1, совмещенный,1, лоджия,Косметический,Кирпичный,,,
40.4,12,16,2600000,"Калининградская область, Калининград, р-н Центральный, улица Каштановая Аллея, 169",19,10,2012,1, совмещенный,1, лоджия,Без ремонта,Блочный,Железобетонные,Центральное,
32,1,5,2650000,"Калининградская область, Калининград, р-н Центральный, Чкаловск мкр, улица Лукашова, 46",,9,2016,,,,,Косметический,Кирпичный,Железобетонные,Котел/Квартирное отопление,Центральное
41,2,5,2600000,"Калининградская область, Калининград, р-н Центральный, улица Младшего лейтенанта Родителева, 16",30,7.3,1995,1, совмещенный,1, балкон,Косметический,,,,
43,1,6,3300000,"Калининградская область, Калининград, р-н Центральный, улица Менделеева",,,2007,,,,,Косметический,Кирпичный,,,
45,1,13,3300000,"Калининградская область, Калининград, р-н Центральный, Чкаловск мкр, улица Беланова",,,2006,1, совмещенный,1, лоджия,Евроремонт,Кирпичный,,,
45,2,8,3300000,"Калининградская область, Калининград, р-н Центральный, Красносельская улица, 73А",20,13,2011,1, совмещенный,1, лоджия,Дизайнерский,,,,
39,4,16,3300000,"Калининградская область, Калининград, р-н Центральный, улица Каштановая Аллея, 171",18,10,2012,1, совмещенный,1, балкон,,Блочный,Железобетонные,Центральное,
41,4,6,3300000,"Калининградская область, Калининград, р-н Центральный, Уютная улица, 9",18,9,2019,,,,,Евроремонт,Кирпичный,,,
45,1,4,3300000,"Калининградская область, Калининград, р-н Центральный, Гостиная улица, 20",,,1945,1, раздельный,1, балкон,Косметический,,,,
47.2,5,6,3350000,"Калининградская область, Калининград, р-н Центральный, Воздушный переулок, 7",21.1,10.7,2003,1, совмещенный,1, лоджия,Евроремонт,Кирпичный,Железобетонные,Котел/Квартирное отопление,Центральное
41,4,7,3350000,"Калининградская область, Калининград, р-н Центральный, Воздушный переулок",,,2019,1, совмещенный,1, лоджия,Дизайнерский,Кирпичный,,,
46.3,1,4,3379900,"Калининградская область, Калининград, р-н Центральный, улица Тихоненко, 17А",19.6,10.5,2018,1, совмещенный,1, балкон,Без ремонта,,,,
47.2,5,6,3350000,"Калининградская область, Калининград, р-н Центральный, Воздушный переулок",,,2003,1, совмещенный,1, лоджия,Евроремонт,Кирпичный,,,
40,7,8,3350000,"Калининградская область, Калининград, р-н Центральный, проспект Победы",,,2017,1, совмещенный,1, лоджия,Евроремонт,Кирпичный,,,
47,5,6,3350000,"Калининградская область, Калининград, р-н Центральный, Воздушный переулок",,,2003,,,,,Косметический,Кирпичный,,,
41.5,8,8,3350000,"Калининградская область, Калининград, р-н Центральный, Чкаловск мкр, улица Лукашова, 4",16.1,12,2018,1, совмещенный,1, лоджия,Евроремонт,,,,
47.2,5,6,3350000,"Калининградская область, Калининград, р-н Центральный, Воздушный переулок, 7",21.1,10.7,2003,,,,,,Кирпичный,Железобетонные,Котел/Квартирное отопление,Центральное
46.3,1,4,3379900,"Калининградская область, Калининград, р-н Центральный, улица Тихоненко, 17А",16.2,14.2,2017,1, совмещенный,1, балкон,Без ремонта,,,,
47.2,5,6,3350000,"Калининградская область, Калининград, р-н Центральный, Воздушный переулок, 7",21.1,10.7,2009,,,,,,Кирпичный,Железобетонные,Котел/Квартирное отопление,Центральное
46.2,4,4,3372600,"Калининградская область, Калининград, р-н Центральный, улица Тихоненко, 17А",16.2,14.2,2017,1, совмещенный,1, балкон,Без ремонта,,,,
42,8,10,3400000,"Калининградская область, Калининград, р-н Центральный, улица Каштановая Аллея",,10,,1, совмещенный,1, лоджия,Евроремонт,,,,
40,3,10,3400000,"Калининградская область, Калининград, р-н Центральный, улица Каштановая Аллея",,11,,1, совмещенный,1, лоджия,Дизайнерский,Кирпичный,,,
42,9,9,3400000,"Калининградская область, Калининград, р-н Центральный, Советский проспект, 81к4",20,10,2019,1, совмещенный,1, лоджия,Без ремонта,,,,
41,3,9,3400000,"Калининградская область, Калининград, р-н Центральный, улица Добролюбова, 46",,10,2015,,,,,Евроремонт,Кирпичный,Железобетонные,,
43.4,1,4,3428600,"Калининградская область, Калининград, р-н Центральный, улица Ватутина, 22",18.7,10.5,2020,1, совмещенный,1, балкон,Без ремонта,,,,
45.7,2,4,3427500,"Калининградская область, Калининград, р-н Центральный, улица Тихоненко, 17А",19.7,10.5,2017,1, совмещенный,1, балкон,Без ремонта,,,,
42.2,6,8,3400000,"Калининградская область, Калининград, р-н Центральный, Бассейная улица",,,2012,,,1, лоджия,Евроремонт,,,,
43.5,6,7,3400000,"Калининградская область, Калининград, р-н Центральный, проспект Победы, 70Б",20,13,2018,1, совмещенный,1, лоджия,Косметический,,,,
38,1,6,3420000,"Калининградская область, Калининград, р-н Центральный, улица Сержанта Мишина, 22Б",17,12,2012,1, совмещенный,1, балкон,,Кирпичный,Смешанные,Автономная котельная,Центральное
41,4,7,3400000,"Калининградская область, Калининград, р-н Центральный, Воздушный переулок, 6",18,12,,1, раздельный,1, балкон,,,,,
47.2,5,6,3420000,"Калининградская область, Калининград, р-н Центральный, Воздушный переулок, 7",10.7,,2003,1, совмещенный,1, балкон,,Кирпичный,Железобетонные,Котел/Квартирное отопление,Центральное
39,4,10,3600000,"Калининградская область, Калининград, р-н Центральный, Комсомольская улица, 85",18,11,2013,,,,,,Кирпичный,Железобетонные,Центральное,Автономное
42.4,3,5,3600000,"Калининградская область, Калининград, р-н Центральный, улица Глазунова, 7Б",21.2,10.6,2009,2, совмещенных,1, балкон,Евроремонт,,,,
41,2,3,3600000,"Калининградская область, Калининград, р-н Центральный, проспект Мира",,,1945,1, совмещенный,,,Дизайнерский,Кирпичный,,,
41,6,8,3600000,"Калининградская область, Калининград, р-н Центральный, Красносельская улица",,,2013,1, совмещенный,1, балкон,Евроремонт,Кирпичный,,,
47,8,9,3600000,"Калининградская область, Калининград, р-н Центральный, Красносельская улица, 73А",16,11,2011,1, раздельный,1, балкон,Косметический,,,,
42.4,3,5,3600000,"Калининградская область, Калининград, р-н Центральный, улица Глазунова",,,2009,1, совмещенный,1, балкон,Евроремонт,Кирпичный,,,
45,3,5,3600000,"Калининградская область, Калининград, р-н Центральный, улица Глазунова",,,2009,1, совмещенный,1, лоджия,Евроремонт,,,,
42,7,8,3600000,"Калининградская область, Калининград, р-н Центральный, Красносельская улица",,,2013,,,,,Евроремонт,,,,
40.2,2,3,3600000,"Калининградская область, Калининград, р-н Центральный, проспект Мира",,,1945,,,,,Дизайнерский,Кирпичный,,,
35.3,10,10,3600000,"Калининградская область, Калининград, р-н Центральный, Курганская улица",,,2009,,,,,Евроремонт,Кирпичный,,,
40.2,2,7,3620000,"Калининградская область, Калининград, р-н Центральный, Советский проспект",,,2019,1, совмещенный,1, лоджия,Косметический,,,,
59.4,1,4,3600000,"Калининградская область, Калининград, р-н Центральный, улица Пугачева",28,14,1945,1, раздельный,,,Евроремонт,Кирпичный,,,
42,7,8,3600000,"Калининградская область, Калининград, р-н Центральный, Красносельская улица",,,2013,,,1, лоджия,Косметический,,,,
42.4,3,5,3650000,"Калининградская область, Калининград, р-н Центральный, улица Глазунова, 7Б",21.2,10.6,2009,,,,,,,,,
45,5,5,3695000,"Калининградская область, Калининград, р-н Центральный, Чкаловск мкр, улица Докука, 31",22.7,13.9,,1, совмещенный,1, балкон,Евроремонт,,,,
45,5,5,3699000,"Калининградская область, Калининград, р-н Центральный, Чкаловск мкр, улица Докука, 31",22,16,2017,1, совмещенный,1, балкон,Евроремонт,,,,
42.4,3,5,3650000,"Калининградская область, Калининград, р-н Центральный, улица Глазунова, 7Б",21.2,10.6,2009,1, раздельный,1, балкон,Евроремонт,,,,
40.3,4,8,3650000,"Калининградская область, Калининград, р-н Центральный, Красносельская улица",,,2013,1, совмещенный,1, балкон,Евроремонт,,,,
43,2,7,3650000,"Калининградская область, Калининград, р-н Центральный, Советский проспект",,,,1, совмещенный,1, лоджия,Евроремонт,,,,
39,3,5,3700000,"Калининградская область, Калининград, р-н Центральный, улица Маршала Борзова, 93В",18,8.5,2005,1, раздельный,1, балкон,,Кирпичный,Железобетонные,Центральное,Центральное
47,1,5,3700000,"Калининградская область, Калининград, р-н Центральный, Гостиная улица, 20",30,6,1945,1, совмещенный,,,Косметический,,,,
39,3,6,3700000,"Калининградская область, Калининград, р-н Центральный, улица Маршала Борзова, 93",16,9,2005,,,,,,,,,
39,2,5,3700000,"Калининградская область, Калининград, р-н Центральный, улица Маршала Борзова, 93В",18,8.5,2015,1, раздельный,1, лоджия,Евроремонт,Кирпичный,Железобетонные,Центральное,Центральное
40,8,9,3720000,"Калининградская область, Калининград, р-н Центральный, Советский проспект, 81к4",19.4,7.8,2018,1, совмещенный,1, лоджия,Косметический,,,,
42,4,9,3730000,"Калининградская область, Калининград, р-н Центральный, Бассейная улица, 7",,,2012,1, раздельный,1, балкон,,,,,
43.3,4,10,3700000,"Калининградская область, Калининград, р-н Центральный, Осенняя улица, 4А",,,2014,1, раздельный,1, балкон,,,,,
41,3,6,3700000,"Калининградская область, Калининград, р-н Центральный, Спортивная улица",,,,,,,,Косметический,,,,
45,5,5,3700000,"Калининградская область, Калининград, р-н Центральный, Чкаловск мкр, улица Докука",,,2017,1, совмещенный,1, балкон,Евроремонт,Кирпичный,,,
41,3,6,3700000,"Калининградская область, Калининград, р-н Центральный, Спортивная улица",,,2018,1, совмещенный,1, балкон,Евроремонт,,,,
41,3,6,3700000,"Калининградская область, Калининград, р-н Центральный, Спортивная улица",,,,1, совмещенный,1, балкон,Евроремонт,,,,
45,5,5,3700000,"Калининградская область, Калининград, р-н Центральный, Чкаловск мкр, улица Докука",22,16,,1, совмещенный,1, лоджия,Евроремонт,,,,
45,3,6,3700000,"Калининградская область, Калининград, р-н Центральный, Спортивная улица",,,,1, совмещенный,1, балкон,Евроремонт,,,,
48,7,9,3700000,"Калининградская область, Калининград, р-н Центральный, Ростовская улица, 4",16,17,2020,1, совмещенный,1, лоджия,Без ремонта,,,,
44,1,14,3700000,"Калининградская область, Калининград, р-н Центральный, Комсомольская улица, 85",20,14,2013,1, совмещенный,1, лоджия,Евроремонт,Кирпичный,Железобетонные,Центральное,Автономное
45,5,5,3770000,"Калининградская область, Калининград, р-н Центральный, Чкаловск мкр, улица Докука, 31",22,16,2015,1, совмещенный,1, балкон,Косметический,,,,
39,4,10,3750000,"Калининградская область, Калининград, р-н Центральный, Комсомольская улица, 85",18,11,2013,1, раздельный,1, лоджия,Косметический,Кирпичный,Железобетонные,Центральное,Автономное
43.6,3,5,3760000,"Калининградская область, Калининград, р-н Центральный, улица Тенистая Аллея, 50Г",,,2020,1, совмещенный,1, балкон,Без ремонта,,,,
40,3,7,3750000,"Калининградская область, Калининград, р-н Центральный, улица Маршала Борзова",,9,2005,1, совмещенный,1, лоджия,Евроремонт,Кирпичный,,,
51,11,13,3830000,"Калининградская область, Калининград, р-н Центральный, Красная улица, 139В",21,13,2015,1, совмещенный,1, лоджия,Косметический,Кирпичный,Железобетонные,,
43.1,4,5,3850000,"Калининградская область, Калининград, р-н Центральный, улица Тенистая Аллея, 50Г",18.3,16.3,2018,1, совмещенный,1, балкон,Без ремонта,,,,
45.9,6,8,3870000,"Калининградская область, Калининград, р-н Центральный, Воздушный переулок, 6",18,14,2019,,,,,,,,,
40.3,4,8,3850000,"Калининградская область, Калининград, р-н Центральный, Красносельская улица, 82к2",18.1,10.8,2013,,,1, лоджия,,,,,
40.3,4,8,3850000,"Калининградская область, Калининград, р-н Центральный, Красносельская улица, 82к1",18.1,10.8,2013,,,,,,,,,
40.5,4,8,3850000,"Калининградская область, Калининград, р-н Центральный, Красносельская улица, 82к1",18.1,10.8,2013,1, совмещенный,1, лоджия,Евроремонт,,,,
52,7,10,3850000,"Калининградская область, Калининград, р-н Центральный, Бассейная улица",,15,2012,1, совмещенный,1, лоджия,Евроремонт,Кирпичный,,,
40.3,4,8,3900000,"Калининградская область, Калининград, р-н Центральный, Красносельская улица, 82к1",18,12,2013,1, раздельный,1, балкон,,,,,
40.3,4,8,3920000,"Калининградская область, Калининград, р-н Центральный, Красносельская улица, 82к1",,10.8,2013,1, раздельный,1, балкон,,,,,
45.4,3,4,3941100,"Калининградская область, Калининград, р-н Центральный, улица Ватутина, 22",18.1,10.7,2019,1, совмещенный,1, лоджия,Без ремонта,,,,
52,3,5,3900000,"Калининградская область, Калининград, р-н Центральный, улица Чкалова, 48А",18,12,2020,,,,,,Кирпичный,Железобетонные,Котел/Квартирное отопление,Центральное
45.4,3,4,3941100,"Калининградская область, Калининград, р-н Центральный, улица Ватутина, 22",18.1,10.7,2019,1, совмещенный,1, лоджия,Без ремонта,,,,
45.4,3,4,3941100,"Калининградская область, Калининград, р-н Центральный, улица Ватутина, 22",18.1,10.7,2019,1, совмещенный,1, лоджия,Без ремонта,,,,
45.3,3,4,3941100,"Калининградская область, Калининград, р-н Центральный, улица Ватутина, 22",18.2,10.7,2020,1, совмещенный,1, балкон,Без ремонта,,,,
47,1,4,3970000,"Калининградская область, Калининград, р-н Центральный, Гостиная улица, 20",,,1945,1, раздельный,1, балкон,Косметический,,,,
49,2,8,3950000,"Калининградская область, Калининград, р-н Центральный, Советский проспект",,,2011,1, совмещенный,1, лоджия,Евроремонт,,,,
40.6,2,4,4000000,"Калининградская область, Калининград, р-н Центральный, проспект Мира, 106",21.7,9.2,1945,1, раздельный,1, балкон,Дизайнерский,Кирпичный,Деревянные,Центральное,Центральное
64.49,2,6,4000000,"Калининградская область, Калининград, р-н Центральный, Красносельская улица, 58",18.5,14.8,2019,1, совмещенный,,,Без ремонта,,,,
45.1,4,6,4000000,"Калининградская область, Калининград, р-н Центральный, улица Генерал-лейтенанта Озерова, 16А",20.4,13.2,2012,1, совмещенный,1, балкон,Без ремонта,,,,
45,1,3,4000000,"Калининградская область, Калининград, р-н Центральный, Красная улица, 261А",20,16,2008,,,,,,,,,
45.3,2,4,4031700,"Калининградская область, Калининград, р-н Центральный, улица Ватутина, 22",19.8,11,2019,,,,,,,,,
43.6,3,5,4050000,"Калининградская область, Калининград, р-н Центральный, улица Тенистая Аллея, 50Г",18.4,11.8,2018,1, совмещенный,1, лоджия,Косметический,,,,
45.9,6,8,4140000,"Калининградская область, Калининград, р-н Центральный, Воздушный переулок, 6",18,14,,1, совмещенный,1, лоджия,Дизайнерский,,,,
42.2,4,6,4100000,"Калининградская область, Калининград, р-н Центральный, Спортивная улица",,,2018,1, совмещенный,1, балкон,Евроремонт,Кирпичный,,,
49,4,16,4150000,"Калининградская область, Калининград, р-н Центральный, Советский проспект",,16,2016,1, совмещенный,1, лоджия,Дизайнерский,,,,
47,2,9,4200000,"Калининградская область, Калининград, р-н Центральный, Бассейная улица, 38",20,,2012,1, совмещенный,1, лоджия,Евроремонт,Кирпичный,Железобетонные,Котел/Квартирное отопление,Автономное
43.4,3,5,4200000,"Калининградская область, Калининград, р-н Центральный, улица Тенистая Аллея, 50Г",18,11,,1, совмещенный,1, лоджия,Евроремонт,,,,
45,5,10,4200000,"Калининградская область, Калининград, р-н Центральный, улица Молочинского",,,2015,1, совмещенный,1, лоджия,Евроремонт,,,,
49,3,5,4200000,"Калининградская область, Калининград, р-н Центральный, Красносельская улица",,,2019,1, совмещенный,1, лоджия,Евроремонт,Кирпичный,,,
43,5,8,4200000,"Калининградская область, Калининград, р-н Центральный, улица Молочинского",,10,2015,1, совмещенный,1, лоджия,Дизайнерский,Кирпичный,,,
45.1,1,4,4284500,"Калининградская область, Калининград, р-н Центральный, улица Марата, 1",14.3,16.3,2020,1, совмещенный,1, лоджия,Без ремонта,,,,
45.1,1,4,4284500,"Калининградская область, Калининград, р-н Центральный, улица Марата, 1",14.3,16.3,2020,1, совмещенный,1, лоджия,Без ремонта,,,,
45.1,1,4,4284500,"Калининградская область, Калининград, р-н Центральный, улица Марата, 1",14.3,16.3,2020,1, совмещенный,1, лоджия,Без ремонта,,,,
45.1,1,4,4284499,"Калининградская область, Калининград, р-н Центральный, улица Марата, 1",14.3,16.3,2020,1, совмещенный,1, лоджия,Без ремонта,,,,
45.1,1,4,4284499,"Калининградская область, Калининград, р-н Центральный, улица Марата, 1",14.3,16.3,2020,1, совмещенный,1, лоджия,Без ремонта,,,,
45.1,1,4,4284500,"Калининградская область, Калининград, р-н Центральный, улица Марата, 5",14.3,16.3,2020,1, совмещенный,1, балкон,Косметический,,,,
45.1,1,4,4284500,"Калининградская область, Калининград, р-н Центральный, улица Марата, 5",14.3,16.3,2020,1, совмещенный,1, балкон,Косметический,,,,
45.1,1,4,4284500,"Калининградская область, Калининград, р-н Центральный, улица Марата, 1",14.3,16.3,2020,1, совмещенный,1, лоджия,Без ремонта,,,,
45.1,1,4,4284494,"Калининградская область, Калининград, р-н Центральный, улица Марата, 1",14.3,16.3,2020,1, совмещенный,1, лоджия,Без ремонта,,,,
45.1,1,4,4284500,"Калининградская область, Калининград, р-н Центральный, улица Марата, 5",14.3,16.3,2020,1, совмещенный,1, балкон,Косметический,,,,
45.1,1,4,4284500,"Калининградская область, Калининград, р-н Центральный, улица Марата, 1",14.3,16.3,2020,1, совмещенный,1, лоджия,Без ремонта,,,,
45.1,1,4,4284500,"Калининградская область, Калининград, р-н Центральный, улица Марата, 1",14.3,16.3,2020,1, совмещенный,1, лоджия,Без ремонта,,,,
43,1,9,4250000,"Калининградская область, Калининград, р-н Центральный, улица Космонавта Леонова",,,2017,,,1, лоджия,Евроремонт,Блочный,,,
42,4,6,4300000,"Калининградская область, Калининград, р-н Центральный, Спортивная улица, 62",16.1,9.4,2018,1, совмещенный,1, лоджия,,,,,
43,3,4,4300000,"Калининградская область, Калининград, р-н Центральный, улица Тенистая Аллея, 50Г",19,14,2016,1, совмещенный,1, лоджия,Дизайнерский,,,,
77,2,8,4300000,"Калининградская область, Калининград, р-н Центральный, проспект Победы",,,2018,1, совмещенный,1, лоджия,Дизайнерский,Монолитно кирпичный,,,
45.5,4,4,4400000,"Калининградская область, Калининград, р-н Центральный, улица Чкалова, 97",16.2,12.1,2009,1, совмещенный,1, балкон,,,,,
50,8,9,4400000,"Калининградская область, Калининград, р-н Центральный, Советский проспект",,,2011,1, совмещенный,1, балкон,Евроремонт,Кирпичный,,,
53.5,3,6,4480000,"Калининградская область, Калининград, р-н Центральный, Ростовская улица, 39",20.3,13.2,2003,1, совмещенный,1, балкон,Косметический,Кирпичный,Железобетонные,Котел/Квартирное отопление,Центральное
55.3,2,6,4490000,"Калининградская область, Калининград, р-н Центральный, Курганская улица, 3",24,12,2010,1, совмещенный,1, лоджия,Евроремонт,Кирпичный,Железобетонные,Автономная котельная,Центральное
55,2,11,4500000,"Калининградская область, Калининград, р-н Центральный, Курганская улица",,,2009,1, совмещенный,1, лоджия,Евроремонт,Кирпичный,,,
53.5,3,6,4500000,"Калининградская область, Калининград, р-н Центральный, Ростовская улица",,,2003,1, совмещенный,1, лоджия,Евроремонт,Кирпичный,,,
55,2,6,4500000,"Калининградская область, Калининград, р-н Центральный, Курганская улица",,,2009,,,1, лоджия,Евроремонт,Кирпичный,,,
48.8,3,6,4600000,"Калининградская область, Калининград, р-н Центральный, улица Космонавта Пацаева, 6А",18.4,13.3,2019,1, совмещенный,1, лоджия,Без ремонта,,,,
43.8,3,4,4700000,"Калининградская область, Калининград, р-н Центральный, Коломенская улица, 1",23,14,2013,1, совмещенный,2, лоджии,Евроремонт,,,,
59,7,16,4700000,"Калининградская область, Калининград, р-н Центральный, улица Каштановая Аллея, 169",,9,2012,1, совмещенный,1, балкон,Косметический,Блочный,Железобетонные,Центральное,
53.3,3,6,4830000,"Калининградская область, Калининград, р-н Центральный, улица Космонавта Пацаева, 6А",21.8,10.2,2018,2, совмещенных,1, лоджия,Без ремонта,,,,
50,4,4,4800000,"Калининградская область, Калининград, р-н Центральный, Коломенская улица",,,2013,1, совмещенный,1," балкон, ",Евроремонт,,,,
50,4,4,4800000,"Калининградская область, Калининград, р-н Центральный, Коломенская улица",17,20,2013,,,1," балкон, ",Дизайнерский,,,,
45,8,8,4800000,"Калининградская область, Калининград, р-н Центральный, Советский проспект",,,2011,1, совмещенный,1, балкон,Дизайнерский,Кирпичный,,,
53.3,3,6,4830000,"Калининградская область, Калининград, р-н Центральный, улица Космонавта Пацаева, 6А",21.8,10.2,2018,,,1, балкон,Без ремонта,,,,
48,8,9,4900000,"Калининградская область, Калининград, р-н Центральный, Советский проспект, 43",20,12,2013,,,,,,,Смешанные,Котел/Квартирное отопление,Центральное
50,4,4,4900000,"Калининградская область, Калининград, р-н Центральный, Коломенская улица, 1",17,20,2012,1, совмещенный,1, балкон,,,,,
48,3,5,4900000,"Калининградская область, Калининград, р-н Центральный, улица Тенистая Аллея",,,2016,1, совмещенный,1, балкон,Евроремонт,Кирпичный,,,
44.6,8,9,4999000,"Калининградская область, Калининград, р-н Центральный, Советский проспект, 43",21,10,2011,1, совмещенный,1, балкон,,,Смешанные,Котел/Квартирное отопление,Центральное
63,2,4,4975000,"Калининградская область, Калининград, р-н Центральный, проспект Мира, 192",27.7,16.1,1945,1, совмещенный,1, лоджия,,Кирпичный,Деревянные,Автономная котельная,Центральное
50.6,2,5,4986023,"Калининградская область, Калининград, р-н Центральный, улица Чернышевского, 34",24.5,11.9,2018,1, совмещенный,1, лоджия,Косметический,,,,
50,4,4,4990000,"Калининградская область, Калининград, р-н Центральный, Коломенская улица, 1",19,20,2012,1, совмещенный,,,Дизайнерский,,,,
50.65,2,5,4986023,"Калининградская область, Калининград, р-н Центральный, улица Чернышевского, 34",24.5,11.9,,1, совмещенный,1, лоджия,Без ремонта,,,,
61.9,1,4,4952000,"Калининградская область, Калининград, р-н Центральный, Штурвальная улица, 2",27.7,16.1,2017,1, раздельный,1, лоджия,Евроремонт,,,,
52,4,4,4990000,"Калининградская область, Калининград, р-н Центральный, Коломенская улица, 1",19,20,2012,,,,,,,,,
53.9,1,3,5170000,"Калининградская область, Калининград, р-н Центральный, Донская улица, 15",,,2013,1, раздельный,1, лоджия,Косметический,,,,
48.9,2,6,5200000,"Калининградская область, Калининград, р-н Центральный, улица Космонавта Пацаева, 6А",18.3,13.1,2018,1, совмещенный,1, лоджия,Косметический,,,,
61.7,4,4,5244000,"Калининградская область, Калининград, р-н Центральный, Штурвальная улица, 2",27.7,16.1,2017,1, раздельный,1, лоджия,Евроремонт,,,,
46,3,5,5290000,"Калининградская область, Калининград, р-н Центральный, проспект Победы, 5А",15.6,15.9,2020,1, совмещенный,1, балкон,Без ремонта,Монолитно кирпичный,,,
46,3,5,5290000,"Калининградская область, Калининград, р-н Центральный, улица Пушкина, 5",15.8,16.1,,1, совмещенный,1, балкон,Косметический,,,,
47,2,5,5300000,"Калининградская область, Калининград, р-н Центральный, Правая набережная, 2",21,17,2018,,,,,,,,,
63.3,7,9,5400000,"Калининградская область, Калининград, р-н Центральный, проспект Мира",,,2008,,,,,Без ремонта,Монолитный,,,
54.52,2,5,5450000,"Калининградская область, Калининград, р-н Центральный, проспект Мира, 83",24.1,18.1,2019,1, совмещенный,,,Без ремонта,,,,
46.1,4,5,5485900,"Калининградская область, Калининград, р-н Центральный, улица Пушкина, 5",15.8,16,,1, совмещенный,1, балкон,Косметический,,,,
46.1,4,5,5485900,"Калининградская область, Калининград, р-н Центральный, проспект Победы, 5А",15.6,15.5,2020,1, совмещенный,1, лоджия,Без ремонта,Монолитно кирпичный,,,
54.52,2,5,5450000,"Калининградская область, Калининград, р-н Центральный, проспект Мира",,,2019,1, совмещенный,1, балкон,Без ремонта,Кирпичный,,,
53.9,2,5,5767300,"Калининградская область, Калининград, р-н Центральный, проспект Победы, 5А",22.6,13.1,2018,1, совмещенный,1, лоджия,Без ремонта,Монолитный,,,
56,3,9,5790000,"Калининградская область, Калининград, р-н Центральный, Советский проспект",,,2008,1, совмещенный,1, лоджия,Евроремонт,Кирпичный,,,
53.9,2,5,5875100,"Калининградская область, Калининград, р-н Центральный, проспект Победы, 5А",22.2,12.6,2020,1, совмещенный,1, лоджия,Без ремонта,Монолитно кирпичный,,,
53.9,2,5,5875100,"Калининградская область, Калининград, р-н Центральный, улица Пушкина, 5",22.6,13.1,,1, совмещенный,1, лоджия,Косметический,,,,
53.4,3,5,5980800,"Калининградская область, Калининград, р-н Центральный, проспект Победы, 5А",22.6,12.8,2018,1, совмещенный,1, лоджия,Без ремонта,Монолитный,,,
80.2,3,4,5900000,"Калининградская область, Калининград, р-н Центральный, Коммунальная улица, 2",25,44,2017,1, совмещенный,,,Без ремонта,,,,
56.1,2,5,6002700,"Калининградская область, Калининград, р-н Центральный, проспект Победы, 5А",18.9,16.3,2020,1, совмещенный,1, лоджия,Без ремонта,Монолитно кирпичный,,,
56.1,2,5,6002700,"Калининградская область, Калининград, р-н Центральный, улица Пушкина, 5",21.9,16.6,,1, совмещенный,1, лоджия,Косметический,,,,
53,3,5,6087600,"Калининградская область, Калининград, р-н Центральный, проспект Победы, 5А",22.2,12.6,2020,1, раздельный,1, лоджия,Косметический,Монолитно кирпичный,,,
53.4,3,5,6087600,"Калининградская область, Калининград, р-н Центральный, проспект Победы, 5А",22.2,12.6,2020,1, совмещенный,1, лоджия,Без ремонта,Монолитно кирпичный,,,
56.3,3,5,6193000,"Калининградская область, Калининград, р-н Центральный, проспект Победы, 5А",21.9,16.4,2018,1, совмещенный,1, балкон,Без ремонта,Монолитный,,,
75,8,16,6200000,"Калининградская область, Калининград, р-н Центральный, Советский проспект, 81к2",,20,,,,,,,,,,
56.3,4,5,6587100,"Калининградская область, Калининград, р-н Центральный, проспект Победы, 5А",18.9,16.3,2020,1, совмещенный,1, лоджия,Без ремонта,Монолитно кирпичный,,,
56.3,4,5,6587100,"Калининградская область, Калининград, р-н Центральный, улица Пушкина, 5",22.2,16.4,,2, совмещенных,1, балкон,Косметический,,,,
77.2,4,4,6562000,"Калининградская область, Калининград, р-н Центральный, Лесопарковая улица, 39А",21.3,50.4,2018,2, совмещенных,1, лоджия,Без ремонта,,,,
60,1,4,6600000,"Калининградская область, Калининград, р-н Центральный, Бородинская улица, 5",15,27,2019,1, раздельный,,,Без ремонта,,,,
59,2,4,6700000,"Калининградская область, Калининград, р-н Центральный, улица Марата, 5",47,12,2015,,,,,Евроремонт,,,,
55.5,5,5,7003500,"Калининградская область, Калининград, р-н Центральный, улица Пушкина, 5",27.5,10.6,2020,1, совмещенный,,,Без ремонта,,,,
66.7,5,5,7136900,"Калининградская область, Калининград, р-н Центральный, проспект Победы, 5А",27.5,10.6,2020,1, совмещенный,1, балкон,Без ремонта,Монолитно кирпичный,,,
66.9,5,5,7136898,"Калининградская область, Калининград, р-н Центральный, проспект Победы, 5А",49.9,10.6,2020,1, раздельный,1, лоджия,Косметический,Монолитно кирпичный,,,
